Signe,,,,,,,Informations,,,,,Validation,,,,,,Traitement vidéo,,,,,,
Domaine,Sous-domaine,Mot,N°ID,N° Signe,Définition,Explication,Date,Nom,Prénom,Origine,Version,Format,Clarté,Total,Remarques,,,Téléchargé,Monté,Miniature,YouTube,Site Web,Lien YouTube,
Informatique,Algorithmique,Débogage,1,1,non,non,15/12/2017,,,Séminaire,mp4,1,1,2,Refait par STIM x,,,oui,oui,oui,oui,oui,https://youtu.be/JfaMVjDwFa8,
Informatique,Algorithmique,Ordonnancement,2,1,non,non,15/12/2017,,,Séminaire,mp4,1,1,2,Refait par STIM x,,,oui,oui,oui,oui,oui,https://youtu.be/f4dZizP-8_o,
Informatique,Algorithmique,Thread,3,1,non,non,15/12/2017,,,Séminaire,mp4,1,1,2,Refait par STIM x,,,oui,oui,oui,oui,non,https://youtu.be/UA00dCHkF-Q,
Chimie,Analytique,Spectromètre de masse,4,1,non,oui,15/12/2017,,,Séminaire,mov,1,1,2,,,,oui,oui,oui,oui,non,https://youtu.be/LTSTHkMN4GY,
Physique,Classique,Aimant,5,1,non,non,15/12/2017,,,Séminaire,mov,1,1,2,Refait par STIM x,,,oui,oui,oui,oui,oui,https://youtu.be/ASuaVlK8NIQ,
Physique,Classique,Aimant,6,2,non,non,15/12/2017,,,Séminaire,mov,1,1,2,Refait par STIM x,,,oui,oui,oui,oui,non,https://youtu.be/_xDcISJUzb8,
Physique,Classique,Champ magnétique,7,1,non,oui,15/12/2017,,,Séminaire,mov,1,1,2,Refait par STIM x,,,oui,oui,oui,oui,non,https://youtu.be/1MivpbvXvbA,
Physique,Classique,Champ magnétique,8,2,non,oui,15/12/2017,,,Séminaire,mov,1,1,2,Refait par STIM x ,,,oui,oui,oui,oui,non,https://youtu.be/FsWHI3iGseg,
Sciences de la Vie,Botanique,Photosynthèse,9,1,non,non,15/12/2017,,,Séminaire,mov,1,1,2,Manque l'explication,,,oui,oui,oui,oui,non,https://youtu.be/6LNU-h_I4js,
Sciences de la Vie,Biologie Marine,Phytoplancton,10,1,non,non,15/12/2017,,,Séminaire,mov,1,1,2,Manque l'explication,,,oui,oui,oui,oui,oui,https://youtu.be/RktFxAOMCNQ,
Sciences de la Vie,Génétique,Phénotype,11,1,non,non,15/12/2017,,,Séminaire,mov,1,1,2,Manque l'explication,,,oui,oui,oui,oui,non,https://youtu.be/Tz_8d-1KCGw,
Environnement,Géologie,Roche sédimentaire,12,1,non,non,15/12/2017,,,Séminaire,mov,1,1,2,,,,oui,oui,oui,oui,oui,https://youtu.be/ynIIqr9ULo0,
Mathématiques,Statistiques/Probabilités,Echantillon,13,1,non,non,15/12/2017,,,Séminaire,mov,1,1,2,Manque l'explication,,,oui,oui,oui,oui,oui,https://youtu.be/_qgtBpofys4,
Environnement,Géologie,Erosion,14,1,non,non,15/12/2017,,,Séminaire,mov,1,1,2,,,,oui,oui,oui,oui,oui,https://youtu.be/RWXOP0h0beE,
Environnement,Géologie,Roche magmatique,15,1,oui,non,15/12/2017,,,Séminaire,mov,1,1,2,,,,oui,oui,oui,oui,oui,https://youtu.be/sNcz3u9oHk0,
Environnement,Géologie,Roche métamorphique,16,1,non,non,15/12/2017,,,Séminaire,mov,1,1,2,,,,oui,oui,oui,oui,oui,https://youtu.be/MMRBx_ssti4,
Mathématiques,Algèbre,Bijectif,17,1,non,oui,15/12/2017,,,Séminaire,mov,1,1,2,,,,oui,oui,oui,oui,oui,https://youtu.be/XxFeccTrGis,
Mathématiques,Algèbre,Injectif,18,1,non,oui,15/12/2017,,,Séminaire,mp4,1,1,2,,,,oui,oui,oui,oui,oui,https://youtu.be/pg1UX1tiN0Q,
Mathématiques,Algèbre,Surjectif,19,1,non,oui,15/12/2017,,,Séminaire,mov,1,1,2,,,,oui,oui,oui,oui,oui,https://youtu.be/EapkloiuNVI,
Mathématiques,Analyse,Régularité,20,1,non,non,15/12/2017,,,Séminaire,mov,1,1,2,,,,oui,oui,oui,oui,oui,https://youtu.be/8ZGRdvkxPnI,
Mathématiques,Analyse,Continuité,21,1,oui,non,15/12/2017,,,Séminaire,mov,1,1,2,,,,oui,oui,oui,oui,à vérifier,https://youtu.be/SolThtbsXv8,
Mathématiques,Analyse,Linéaire,22,1,oui,oui,15/12/2017,,,Séminaire,mov,1,1,2,,,,oui,oui,oui,oui,oui,https://youtu.be/Q4LfEdnlL2M,
Mathématiques,Analyse,Monotonie,23,1,non,oui,15/12/2017,,,Séminaire,mov,1,1,2,,,,oui,oui,oui,oui,oui,https://youtu.be/yndKpMasTGU,
Mathématiques,Analyse,Régréssion linéaire,24,1,oui,non,15/12/2017,,,Séminaire,mov,1,1,2,,,,oui,oui,oui,oui,oui,https://youtu.be/-J1rPi7L8fE,
Chimie,Générale,Gradient de concentration ,25,1,non,non,15/12/2017,,,Séminaire,mov,1,1,2,,,,oui,oui,oui,oui,non,https://youtu.be/9EhJ6W59VGw,
Chimie,Générale,Soluté,26,1,non,non,15/12/2017,,,Séminaire,mov,1,1,2,,,,oui,oui,oui,oui,non,https://youtu.be/Brhob3XRuo0,
Chimie,Générale,Corrosion,27,1,non,non,15/12/2017,,,Séminaire,mov,1,1,2,,,,oui,oui,oui,oui,oui,https://youtu.be/5aTvpw22Eew,
Chimie,Générale,Dissolution,28,1,non,non,15/12/2017,,,Séminaire,mov,1,1,2,,,,oui,oui,oui,oui,oui,https://youtu.be/72vZ5B0_eQs,
Sciences de la Vie,Biochimie,Enzyme,29,1,non,non,15/12/2017,,,Séminaire,mov,1,1,2,,,,oui,oui,oui,oui,non,https://youtu.be/J1T8BAzlNJU,
Chimie,Générale,Oxydo-réduction,30,1,non,non,15/12/2017,,,Séminaire,mov,1,1,2,,,,oui,oui,oui,oui,oui,https://youtu.be/TN2ucQjpPwU,
Chimie,Générale,Ligand,31,1,non,oui,15/12/2017,,,Séminaire,mov,1,1,2,,,,oui,oui,oui,oui,oui,https://youtu.be/9O8GdbRKulA,
Physique,Mécanique  ,Système,32,1,non,non,15/12/2017,,,Séminaire,mov,1,1,2,,,,oui,oui,oui,oui,oui,https://youtu.be/WHaFYnciD7g,
Technologie,Aéronautique,Aéronautique,33,1,non,non,15/12/2017,,,Séminaire,mov,1,1,2,Vidéo trop court,,,oui,oui,oui,oui,oui,https://youtu.be/6IsY0fbqvLA,
Physique,Mécanique  ,Poussée d'Archimède,34,1,non,non,15/12/2017,,,Séminaire,mov,1,1,2,refait par STIM x,,,oui,oui,oui,oui,non,https://youtu.be/rxWX9k1m_fw,
Santé,Anatomie,Côlon,35,1,non,non,15/12/2017,,,Séminaire,mov,1,1,2,Refait par STIM x,,,oui,oui,oui,oui,non,https://youtu.be/rkq4TEI7G94,
Santé,Anatomie,Côlon,36,2,non,non,15/12/2017,,,Séminaire,mov,1,1,2,Refait par STIM x,,,oui,oui,oui,oui,non,https://youtu.be/SEfnYltQkIA,
Santé,Anatomie,Neurone,37,2,non,non,15/12/2017,,,Séminaire,mov,1,1,2,Refait par STIM x,,,oui,oui,oui,oui,non,https://youtu.be/UM-aXukG3g4,
Santé,Anatomie,Neurone,38,3,non,non,15/12/2017,,,Séminaire,mov,1,1,2,Refait par STIM x,,,oui,oui,oui,oui,non,https://youtu.be/RcAOEMmhc0Y,
Santé,Anatomie,Thyroïde,39,1,non,non,15/12/2017,,,Séminaire,mov,1,1,2,Refait par STIM x,,,oui,oui,oui,oui,non,https://youtu.be/pzK93u_2nGg,
Santé,Anatomie,Thyroïde,40,2,non,non,15/12/2017,,,Séminaire,mov,1,1,2,Refait par STIM x,,,oui,oui,oui,oui,non,https://youtu.be/MHbywoVbxJA,
Chimie,Analytique,Chromatographie,41,1,non,oui,15/12/2017,,,Séminaire,mov,1,1,2,Refait par STIM+ part de Laure,,,oui,oui,oui,oui,non,https://youtu.be/82HFX8ipL2s,
Chimie,Analytique,Chromatographie,42,2,non,non,15/12/2017,,,Séminaire,mov,1,1,2,Refait par STIM x,,,oui,oui,oui,oui,non,https://youtu.be/zaQ_XsjSQOY,
Physique,Electronique,Oscilloscope,43,1,non,non,15/12/2017,,,Séminaire,mov,1,1,2,Refait par STIM x,,,oui,oui,oui,oui,non,https://youtu.be/1YglEFmvuwk,
Physique,Electronique,Condensateur,44,1,non,oui,15/12/2017,,,Séminaire,mov,1,1,2,Refait par STIM x,,,oui,oui,oui,oui,non,https://youtu.be/SC0IRk0crRw,
Informatique,Réseau,Requête,45,1,non,non,16/12/2017,,,Séminaire,mov,1,1,2,Refait par STIM x,,,oui,oui,oui,oui,non,https://youtu.be/NeI4SQ2SNgw,
Technologie,Mécanique industrielle,Bureau d'études,46,1,oui,oui,16/12/2017,,,Séminaire,mov,1,1,2,"Vidéo de Cyril incomplète, à refaire",,,oui,oui,oui,oui,non,https://youtu.be/wsnrAe12iDM,
Informatique,Matériel Informatique,Système embarqué,47,1,non,non,16/12/2017,,,Séminaire,mp4,1,1,2,Refait par STIM x,,,oui,oui,oui,oui,non,https://youtu.be/jHu_7OG7IWM,
Informatique,Réseau,Peer to peer,48,1,non,oui,16/12/2017,,,Séminaire,mp4,1,1,2,Refait par STIM x,,,oui,oui,oui,oui,non,https://youtu.be/sAgeo9gT7Ms,
Informatique,Matériel Informatique,Utilisabilté,49,2,non,non,16/12/2017,,,Séminaire,mov,1,1,2,Manque l'explication,,,oui,oui,oui,oui,oui,https://youtu.be/9hyY0rj6IM8,
Mathématiques,Statistiques/Probabilités,Corrélation,50,1,non,oui,16/12/2017,,,Séminaire,mp4,1,1,2,,,,oui,oui,oui,oui,oui,https://youtu.be/lJBHCW4GVbQ,
Mathématiques,Statistiques/Probabilités,Dispersion,51,1,non,oui,16/12/2017,,,Séminaire,mov,1,1,2,,,,oui,oui,oui,oui,à vérifier,https://youtu.be/LD77sW7D-Ko,
Physique,Quantique,Saut quantique,52,1,non,non,16/12/2017,,,Séminaire,mp4,1,1,2,,,,oui,oui,oui,oui,oui,https://youtu.be/i4NCY7ih2cc,
Santé,Physiologie,Défense immunitaire,53,1,non,non,16/12/2017,,,Séminaire,mov,1,1,2,Manque l'explication ,,,oui,oui,oui,oui,oui,https://youtu.be/_D2aE35mGEc,
Sciences de la Vie,Biochimie,Métabolisme,54,1,non,non,16/12/2017,,,Séminaire,mov,1,1,2,,,,oui,oui,oui,oui,oui,https://youtu.be/7KoqkRaPFr4,
Santé,Physiologie,Physiologie,55,1,non,non,16/12/2017,,,Séminaire,mp4,1,1,2,Manque l'explication ,,,oui,oui,oui,oui,oui,https://youtu.be/VIFu9M0fwds,
Santé,Affections,Réaction inflammatoire,56,1,non,non,16/12/2017,,,Séminaire,mov,1,1,2,Manque l'explication ,,,oui,oui,oui,oui,oui,https://youtu.be/oVQ8uAUOTew,
Physique,Nucléaire,Radioactif,57,1,non,non,16/12/2017,,,Séminaire,mov,1,1,2,Refait par STIM x,,,oui,oui,oui,oui,non,https://youtu.be/oXBX7D51E2s,
Physique,Nucléaire,Radioactif,58,2,non,non,16/12/2017,,,Séminaire,mov,1,1,2,Refait par STIM x,,,oui,oui,oui,oui,non,https://youtu.be/JzlS8eqQKEM,
Physique,Mécanique  ,Moment,59,1,non,non,16/12/2017,,,Séminaire,mp4,1,1,2,Refait par STIM x,,,oui,oui,oui,oui,non,https://youtu.be/LmBi3A0lD2A,
Chimie,Générale,Adsorption,60,1,non,non,13/05/2018,,,Séminaire,mov,1,1,2,Refait par STIM x,,,oui,oui,oui,oui,non,https://youtu.be/w2DRPmgT8gc,
Santé,Traitements,Antibiotique,61,1,non,non,13/05/2018,,,Séminaire,mov,1,1,2,Refait par STIM x,,,oui,oui,oui,oui,non,https://youtu.be/ejtChCwOkTk,
Santé,Traitements,Antibiotique,62,2,non,non,13/05/2018,,,Séminaire,mov,1,1,2,Refait par STIM x,,,oui,oui,oui,oui,non,https://youtu.be/-ZK0P-zeLIc,
Mathématiques,Algèbre,Espace vectoriel,63,1,non,non,13/05/2018,,,Séminaire,mp4,1,1,2,,,,oui,oui,oui,oui,oui,https://youtu.be/wwWzHRLxLGc,
Mathématiques,Algèbre,Sous-espace vectoriel,64,1,non,oui,13/05/2018,,,Séminaire,mov,1,1,2,,,,oui,oui,oui,oui,oui,https://youtu.be/kFPGuegz9TY,
Santé,Physiologie,Saturation en oxygène,65,1,non,non,13/05/2018,,,Séminaire,mov,1,1,2,Manque l'explication ,,,oui,oui,oui,oui,oui,https://youtu.be/9P_DCSTP5DQ,
Mathématiques,Statistiques/Probabilités,Intervalle de fluctuation,66,1,non,oui,13/05/2018,,,Séminaire,mov,1,1,2,Manque l'explication ,,,oui,oui,oui,oui,oui,https://youtu.be/eaFIA3aXmEc,
Sciences humaines,Droit,Privation langagière,67,1,non,non,13/05/2018,,,Séminaire,mp4,0,0,0,déclassé,,,oui,non,non,non,non,,
Physique,Classique,Théorie de la relativité,68,1,non,non,13/05/2018,,,Séminaire,mov,1,1,2,Manque l'explication ,,,oui,oui,oui,oui,oui,https://youtu.be/eIAST5uOKmc,
Mathématiques,Géométrie,Polygone,69,1,,oui,13/05/2018,,,Séminaire,mov,1,1,2,Manque l'explication ,,,oui,oui,oui,oui,non,https://youtu.be/d1fAx6Smdiw,
Santé,Affections,Kyste,70,1,non,non,13/05/2018,,,Séminaire,mov,1,1,2,Refait par STIM x,,,oui,oui,oui,oui,non,https://youtu.be/cHVi6X1T_V4,
Sciences de la Vie,Cellulaire,Phagocytose,71,1,non,non,13/05/2018,,,Séminaire,mov,1,1,2,Manque l'explication ,,,oui,oui,oui,oui,en cours,https://youtu.be/jOvvQuDCEO4,
Sciences de la Vie,Biochimie,Substrat,72,1,non,non,13/05/2018,,,Séminaire,mp4,1,1,2,Manque l'explication ; 2ème signe fait à Nantes,,,oui,oui,oui,oui,en cours,https://youtu.be/S-m5FDU-hhg,
Sciences de la Vie,Génétique,Codon,73,1,non,non,13/05/2018,,,Séminaire,mov,1,1,2,Manque l'explication ,,,oui,oui,oui,oui,en cours,https://youtu.be/4DtiYgonTIs,
Sciences de la Vie,Génétique,Génome,74,1,non,non,13/05/2018,,,Séminaire,mov,1,1,2,Manque l'explication ,,,oui,oui,oui,oui,en cours,https://youtu.be/NkW5yY0UGgY,
Sciences de la Vie,Génétique,Nucléotides,75,1,non,non,13/05/2018,,,Séminaire,mov,1,1,2,Manque l'explication ,,,oui,oui,oui,oui,en cours,https://youtu.be/ojNDquTzAj0,
Sciences de la Vie,Génétique,Phénotype,76,2,non,non,13/05/2018,,,Séminaire,mov,1,1,2,Manque l'explication,,,oui,oui,oui,oui,en cours,https://youtu.be/FPXCImCRZ7M,
Sciences de la Vie,Génétique,Traduction,77,1,non,non,13/05/2018,,,Séminaire,mov,1,1,2,Manque l'explication ,,,oui,oui,oui,oui,en cours,https://youtu.be/kLUOe7I13x0,
Sciences de la Vie,Génétique,Transcription,78,1,non,non,13/05/2018,,,Séminaire,mov,1,1,2,Manque l'explication ,,,oui,oui,oui,oui,en cours,https://youtu.be/RDybvd46BAU,
Sciences de la Vie,Microbiologie,Gélose,79,1,non,non,13/05/2018,,,Séminaire,mov,1,1,2,Manque l'explication ,,,oui,oui,oui,oui,non,https://youtu.be/e__8aM0UP1s,
Sciences de la Vie,Microbiologie,Bacille,80,1,non,non,13/05/2018,,,Séminaire,mov,1,1,2,Manque l'explication ,,,oui,oui,oui,oui,en cours,https://youtu.be/jATFVTrL0Fw,
Mathématiques,Algèbre,Vecteurs colinéaires,81,1,non,non,13/05/2018,,,Séminaire,mov,1,1,2,,,,oui,oui,oui,oui,oui,https://youtu.be/B75QUHIOBok,
Mathématiques,Algèbre,Concaténer,82,1,non,non,13/05/2018,,,Séminaire,mov,1,1,2,,,,oui,oui,oui,oui,oui,https://youtu.be/BsJMJ_Goa3Y,
Mathématiques,Algèbre,Matrice transposée,83,1,non,non,13/05/2018,,,Séminaire,mov,1,1,2,,,,oui,oui,oui,oui,oui,https://youtu.be/bi0OC7yl5pI,
Mathématiques,Algèbre,Pivot de Gauss,84,1,non,oui,13/05/2018,,,Séminaire,mp4,1,1,2,,,,oui,oui,oui,oui,oui,https://youtu.be/UdMI7BGpTmk,
Mathématiques,Algèbre,Matrice,85,1,non,oui,13/05/2018,,,Séminaire,mov,1,1,2,,,,oui,oui,oui,oui,oui,https://youtu.be/n4D5p0ObCM4,
Mathématiques,Algèbre,Noyau,86,1,non,oui,13/05/2018,,,Séminaire,mp4,1,1,2,,,,oui,oui,oui,oui,à vérifier,https://youtu.be/bXKc6fMR8YQ,
Mathématiques,Géométrie,Coplanaire,87,1,,non,13/05/2018,,,Séminaire,mov,1,1,2,,,,oui,oui,oui,non,non,,
Mathématiques,Raisonnement,Inclusion,88,1,non,non,13/05/2018,,,Séminaire,mov,1,1,2,,,,oui,oui,oui,oui,non,https://youtu.be/TqKZFBFvbro,
Mathématiques,Raisonnement,Complémentaire,89,1,non,oui,13/05/2018,,,Séminaire,mov,1,1,2,,,,oui,oui,oui,oui,non,https://youtu.be/vTTVOf4IijY,
Mathématiques,Statistiques/Probabilités,Probabilité,90,1,non,oui,13/05/2018,,,Séminaire,mp4,1,1,2,,,,oui,oui,oui,oui,oui,https://youtu.be/pQxMR0YKJKI,
Chimie,Minérale,Uranium,91,1,non,non,13/05/2018,,,Séminaire,mov,1,1,2,,,,oui,oui,oui,oui,oui,https://youtu.be/nnQnwOZOnV8,
Chimie,Générale,Extraction,92,1,non,non,13/05/2018,,,Séminaire,mov,1,1,2,,,,oui,oui,oui,oui,oui,https://youtu.be/s1_-8wNjnkM,
Sciences de la Vie,Biochimie,Lactose,93,1,non,non,13/05/2018,,,Séminaire,mov,1,1,2,,,,oui,oui,oui,oui,non,https://youtu.be/fnceKjI3eXk,
Chimie,Générale,Polymérisation,94,1,non,non,13/05/2018,,,Séminaire,mov,1,1,2,,,,oui,oui,oui,oui,oui,https://youtu.be/soge7kuylVg,
Chimie,Générale,Tableau périodique,95,1,non,non,13/05/2018,,,Séminaire,mov,1,1,2,,,,oui,oui,oui,oui,oui,https://youtu.be/roK5LAJ993k,
Chimie,Générale,Complexation,96,1,non,oui,13/05/2018,,,Séminaire,mov,1,1,2,,,,oui,oui,oui,oui,oui,https://youtu.be/jiLVge7MgCU,
Physique,Classique,Célérité,97,1,non,non,13/05/2018,,,Séminaire,mp4,1,1,2,,,,oui,oui,oui,oui,oui,https://youtu.be/iCNhkkft83U,
Physique,Classique,Energie,98,1,non,non,13/05/2018,,,Séminaire,mov,1,1,2,,,,oui,oui,oui,oui,oui,https://youtu.be/xuH9jpt4DR4,
Physique,Mécanique  ,Travail d'une force,99,1,non,non,13/05/2018,,,Séminaire,mov,1,1,2,,,,oui,oui,oui,oui,oui,https://youtu.be/yT11DIC0PVM,
Physique,Quantique,Atome,100,1,non,non,13/05/2018,,,Séminaire,mov,1,1,2,,,,oui,oui,oui,oui,oui,https://youtu.be/0kpF00oW7r0,
Physique,Quantique,Electron,101,1,non,non,13/05/2018,,,Séminaire,mov,1,1,2,,,,oui,oui,oui,oui,oui,https://youtu.be/bgpI3bPfjqI,
Physique,Quantique,Quark,102,1,non,non,13/05/2018,,,Séminaire,mov,1,1,2,,,,oui,oui,oui,oui,oui,https://youtu.be/JO6pnNGKH5Q,
Physique,Nucléaire,Radioactif,103,3,non,non,13/05/2018,,,Séminaire,mov,1,1,2,,,,oui,oui,oui,oui,oui,https://youtu.be/w6oK10OPZCo,
Physique,Optique,Spectre d'absorption,104,1,non,non,13/05/2018,,,Séminaire,mov,1,1,2,,,,oui,oui,oui,oui,oui,https://youtu.be/Iat2_aELC5I,
Physique,Optique,Spectre d'émission,105,1,non,non,13/05/2018,,,Séminaire,mov,1,1,2,,,,oui,oui,oui,oui,oui,https://youtu.be/nNIvmsYTQA0,
Physique,Quantique,Photon,106,1,non,non,13/05/2018,,,Séminaire,mov,1,1,2,,,,oui,oui,oui,oui,oui,https://youtu.be/awPd2ICFjuk,
Santé,Affections,Fibrome,107,1,non,oui,13/05/2018,,,Séminaire,mov,1,1,2,Refait par STIM x,,,oui,oui,oui,oui,non,https://youtu.be/rwHPg-ldO_Q,
Santé,Affections,Nodule,108,1,non,non,13/05/2018,,,Séminaire,mov,1,0,1,Refait par STIM x,,,oui,oui,oui,oui,non,https://youtu.be/Mp1vSJjqiNg,
Santé,Affections,Cancer,109,1,non,non,13/05/2018,,,Séminaire,mov,1,1,2,Manque l'explication ,,,oui,oui,oui,oui,oui,https://youtu.be/jpo0IEJyMQ4,
Santé,Affections,Neuroleptique,110,1,non,non,13/05/2018,,,Séminaire,mov,1,1,2,Manque l'explication ,,,oui,oui,oui,oui,oui,https://youtu.be/t_8r3lUiqMA,
Santé,Affections,Œdème,111,1,non,non,13/05/2018,,,Séminaire,mov,1,1,2,Manque l'explication ,,,oui,oui,oui,oui,oui,https://youtu.be/WrMkmdy47t4,
Santé,Anatomie,Diaphragme,112,1,non,non,13/05/2018,,,Séminaire,mov ,1,1,2,Manque l'explication ,,,oui,oui,oui,oui,oui,https://youtu.be/OsDZGtHq4XQ,
Santé,Anatomie,Vésicule biliaire,113,1,non,non,13/05/2018,,,Séminaire,mov,1,1,2,Manque l'explication ; refait par Martin,,,oui,oui,oui,oui,oui,https://youtu.be/yzQhqBfa-RY,
Santé,Physiologie,Insuline,114,1,non,non,13/05/2018,,,Séminaire,mov,1,1,2,Manque l'explication ,,,oui,oui,oui,oui,oui,https://youtu.be/B-JrUt_U7vA,
Santé,Physiologie,Marqueur biologique,115,1,non,non,13/05/2018,,,Séminaire,mov,1,1,2,Manque l'explication ; trop sombre,,,oui,oui,oui,oui,oui,https://youtu.be/mSussAY90os,
Santé,Physiologie,Plaquettes,116,1,non,non,13/05/2018,,,Séminaire,mov,1,1,2,Manque l'explication ,,,oui,oui,oui,oui,oui,https://youtu.be/XAGB-RxrGK4,
Santé,Traitements,Psychotrope,117,1,non,non,13/05/2018,,,Séminaire,mov,1,1,2,Manque l'explication ,,,oui,oui,oui,oui,non,https://youtu.be/tBnANjS1Bsk,
Technologie,Aéronautique,Roulis,118,1,non,non,13/05/2018,,,Séminaire,mov,1,1,2,Manque l'explication,,,oui,oui,oui,oui,oui,https://youtu.be/wdDlwGQtaek,
Technologie,Aéronautique,Tangage,119,1,non,non,13/05/2018,,,Séminaire,mov,1,1,2,Manque l'explication,,,oui,oui,oui,oui,oui,https://youtu.be/oLtUpxTIoug,
Technologie,Aéronautique,Lacet,120,1,non,non,13/05/2018,,,Séminaire,mov,1,1,2,Manque l'explication ,,,oui,oui,oui,oui,oui,https://youtu.be/qtI4RqNV928,
Technologie,Aéronautique,Portance,121,1,oui,oui,13/05/2018,,,Séminaire,mov,1,1,2,Refait,,,oui,oui,oui,oui,oui,https://youtu.be/_2XO0DIQ-a0,
Technologie,Mécanique industrielle,Écrou ,122,1,non,non,13/05/2018,,,Séminaire,mov,1,1,2,Manque l'explication,,,oui,oui,oui,oui,oui,https://youtu.be/FvzZlRlNaeg,
Technologie,Mécanique industrielle,Goupille,123,1,non,non,13/05/2018,,,Séminaire,mov,1,1,2,Manque l'explication,,,oui,oui,oui,oui,oui,https://youtu.be/cSxUfPW01uM,
Environnement,Climatologie,Alizé,124,1,non,oui,02/02/2025,,,Séminaire,mp4,1,1,2,,,,Oui,oui,oui,oui,,https://youtu.be/z1DZ9Hk3a8A,
Environnement,Ecologie,Survie,125,1,oui,non,02/02/2025,,,Séminaire,mp4,1,1,2,,,,Oui,oui,oui,oui,,https://youtu.be/2LGw_4Ekb9I,
Environnement,Ecologie,Survie,126,1,oui,non,02/02/2025,,,Séminaire,mp4,1,1,2,Même définition que survie,,,Oui,oui,oui,oui,,https://youtu.be/JETKIaD-utI,
Sciences de la Vie,Microbiologie,Staphylocoque,127,1,non,non,13/05/2018,,,Séminaire,mov,1,1,2,"Manque l'explication, le montage + c'est la mauvaise vidéo d'après son nom",,,oui,oui,oui,oui,non,https://youtu.be/3Ebr-5Q_xrI,
Sciences de la Vie,Microbiologie,Bactérie,128,1,non,non,13/05/2018,,,Séminaire,mov,1,1,2,Refait par STIM x,,,oui,oui,oui,oui,non,https://youtu.be/yGUV651zwVY,
Sciences de la Vie,Microbiologie,Bactérie,129,2,non,non,13/05/2018,,,Séminaire,mov,1,1,2,Refait par STIM x,,,oui,oui,oui,oui,non,https://youtu.be/bjXwYBVWYVA,
Mathématiques,Analyse,Dérivée,130,1,non,oui,13/05/2018,,,Séminaire,mp4,1,1,2,Refait par STIM x,,,oui,oui,oui,oui,non,https://youtu.be/ESK9QeAUyrA,
Mathématiques,Analyse,Primitive,131,1,non,oui,13/05/2018,,,Séminaire,mp4,1,1,2,Refait par STIM x,,,oui,oui,oui,oui,non,https://youtu.be/P9fn73q09NM,
Mathématiques,Arithmétique,Congruence Modulo,132,1,non,non,13/05/2018,,,Séminaire,mov,1,1,2,avec congruence 2,,,oui,oui,oui,oui,oui,https://youtu.be/ICYFLNNkAYE,
Mathématiques,Arithmétique,Congruence Modulo,133,2,non,non,13/05/2018,,,Séminaire,mov,1,1,2,avec congruence 1,,,oui,oui,oui,oui,oui,https://youtu.be/ICYFLNNkAYE,
Mathématiques,Raisonnement,Réunion,134,1,non,oui,13/05/2018,,,Séminaire,mov,1,1,2,Vidéo Réunion_intersection,,,oui,oui,oui,oui,non,https://youtu.be/KT0UDV7Ld9w,
Mathématiques,Raisonnement,Intersection ,135,2,non,oui,13/05/2018,,,Séminaire,mov,1,1,2,Vidéo Réunion_intersection,,,oui,oui,oui,oui,non,https://youtu.be/F-0B0In5nG0,
Santé,Anatomie,Encéphale,136,1,non,non,13/05/2018,,,Séminaire,mp4,1,1,2,Refait par STIM x,,,oui,oui,oui,oui,non,https://youtu.be/vHwbgFob_kM,
Santé,Anatomie,Cerveau,137,1,non,non,13/05/2018,,,Séminaire,mp4,1,1,2,Refait par STIM x,,,oui,oui,oui,oui,non,https://youtu.be/4fM8HRFj_vo,
Santé,Anatomie,Cervelet,138,1,non,non,13/05/2018,,,Séminaire,mp4,1,1,2,Refait par STIM x,,,oui,oui,oui,oui,non,https://youtu.be/KsnIcCI2vr4,
Santé,Anatomie,Tronc cérébral,139,1,non,non,13/05/2018,,,Séminaire,mp4,1,1,2,Refait par STIM x,,,oui,oui,oui,oui,non,https://youtu.be/ki1fqoQFqJ8,
Santé,Anatomie,Moelle épinière,140,1,non,non,13/05/2018,,,Séminaire,mp4,1,1,2,Refait par STIM x,,,oui,oui,oui,oui,non,https://youtu.be/XbBT6rpBF5I,
Sciences de la Vie,Microbiologie,Coque,141,1,non,non,13/05/2018,,,Séminaire,mov,1,1,2,,,,oui,oui,oui,oui,oui,https://youtu.be/Pw_QcNHR_Zw,
Sciences de la Vie,Microbiologie,Streptocoque,142,1,non,non,13/05/2018,,,Séminaire,mp4,1,1,2,,,,oui,oui,oui,oui,non,https://youtu.be/IS6mNeam2Zc,
Sciences de la Vie,Microbiologie,Staphylocoque,143,2,non,non,13/05/2018,,,Séminaire,mov,1,1,2,,,,oui,oui,oui,oui,non,https://youtu.be/NpuyxFM73z0,
Sciences de la Vie,Cellulaire,Appareil de Golgi,144,1,non,non,13/10/2018,,,Séminaire,mp4,1,1,2,,,,oui,oui,oui,oui,non,https://youtu.be/SnWYgiPnj7M,
Sciences de la Vie,Cellulaire,Reticulum endoplasmique,145,1,non,non,13/10/2018,,,Séminaire,mp4,1,1,2,,,,oui,oui,oui,oui,oui,https://youtu.be/C95_qqQNp3U,
Sciences de la Vie,Génétique,Gène,146,1,non,non,13/10/2018,,,Séminaire,mp4,1,1,2,,,,oui,oui,oui,oui,non,https://youtu.be/aC_v22LLtV4,
Sciences de la Vie,Génétique,Génétique,147,1,non,non,13/10/2018,,,Séminaire,mp4,1,1,2,Manque l'explication ,,,oui,oui,oui,oui,oui,https://youtu.be/DCU4HiCZSos,
Sciences de la Vie,Génétique,Génétique,148,2,non,non,13/10/2018,,,Séminaire,mp4,1,1,2,Manque l'explication ,,,oui,oui,oui,oui,oui,https://youtu.be/veX3vo9EbbI,
Informatique,Algorithmique,Algorithme,149,1,non,non,13/10/2018,,,Séminaire,mp4,0,1,1,Refait par STIM x,,,oui,oui,oui,oui,non,https://youtu.be/-VrLXuTgJoM,
Mathématiques,Analyse,Asymptote,150,1,non,non,13/10/2018,,,Séminaire,mp4,1,1,2,,,,oui,oui,oui,oui,oui,https://youtu.be/0Nx7oHeYrL4,
Mathématiques,Analyse,Conjugué d'un nombre complexe,151,1,non,non,13/10/2018,,,Séminaire,mp4,1,1,2,,,,oui,oui,oui,oui,oui,https://youtu.be/diJkZSmVXwg,
Mathématiques,Analyse,fonction composée,152,1,non,oui,13/10/2018,,,Séminaire,mp4,1,1,2,,,,oui,oui,oui,oui,oui,https://youtu.be/03BJizsgkeo,
Santé,Anatomie,Corps calleux,153,1,non,non,13/10/2018,,,Séminaire,mp4,1,1,2,Manque l'explication ,,,oui,oui,oui,oui,oui,https://youtu.be/8bL3QTSAaiw,
Santé,Anatomie,Neurone,154,1,non,non,13/10/2018,,,Séminaire,mp4,1,1,2,Manque l'explication ,,,oui,oui,oui,oui,oui,https://youtu.be/9J31bosJgrM,
Santé,Anatomie,Synapse,155,1,non,non,13/10/2018,,,Séminaire,mp4,1,1,2,Manque l'explication ,,,oui,oui,oui,oui,oui,https://youtu.be/eX4fMs1ahiM,
Sciences de la Vie,Microbiologie,Moisissure,156,1,non,non,14/10/2018,,,Séminaire,mp4,1,1,2,Manque l'explication ,,,oui,oui,oui,oui,non,https://youtu.be/fJBX-wpxWFs,
Sciences de la Vie,Microbiologie,Virus,157,1,non,non,14/10/2018,,,Séminaire,mp4,1,1,2,,,,oui,oui,oui,oui,non,https://youtu.be/EpVk5_mgCvw,
Sciences de la Vie,Cellulaire,Métazoaire,158,1,oui,oui,14/10/2018,,,Séminaire,mp4,1,1,2,,,,oui,oui,oui,oui,non,https://youtu.be/jJ4_Z7nb7WI,
Sciences de la Vie,Cellulaire,Protozoaire,159,1,oui,oui,14/10/2018,,,Séminaire,mp4,1,1,2,,,,oui,oui,oui,oui,non,https://youtu.be/JI90hdjEhIA,
Sciences de la Vie,Cellulaire,Cellule procaryote,160,1,oui,non,14/10/2018,,,Séminaire,mp4,1,1,2,,,,oui,oui,oui,oui,non,https://youtu.be/_MkgFYeUsso,
Santé,Affections,Anémie,161,1,non,non,14/10/2018,,,Séminaire,mp4,1,1,2,Manque l'explication ,,,oui,oui,oui,oui,oui,https://youtu.be/HNdv5LB9wsk,
Sciences de la Vie,Cellulaire,Adipocyte,162,1,non,oui,01/11/2024,,,Groupe de travail,mp4,1,1,2,,,,Oui,Oui,Oui,Oui,,https://youtu.be/atbbYkS4ykw,
Environnement,Ecologie,Ecologie,163,1,non,non,14/10/2018,,,Séminaire,mp4,0,1,1,Refait par STIM x,,,oui,oui,oui,oui,non,https://youtu.be/r2BN9vLQSRM,
Mathématiques,Raisonnement,Contradiction,164,1,non,non,14/10/2018,,,Séminaire,mp4,1,1,2,Refait par STIM x,,,oui,oui,oui,oui,non,https://youtu.be/75VFsZ5i86c,
Mathématiques,Raisonnement,Raisonnement par récurrence,165,1,non,oui,14/10/2018,,,Séminaire,mp4,1,1,2,Refait par STIM x,,,oui,oui,oui,oui,non,https://youtu.be/3O251EvZmGk,
Chimie,Générale,Polaire,166,1,non,non,14/10/2018,,,Séminaire,mov,1,1,2,Refait par STIM x,,,oui,oui,oui,oui,non,https://youtu.be/zSqIDxyuk-o,
Chimie,Générale,Précipité,167,1,non,oui,14/10/2018,,,Séminaire,mp4,1,1,2,Refait par STIM x,,,oui,oui,oui,oui,non,https://youtu.be/iVeT3L4uKuQ,
Sciences de la Vie,Cellulaire,Cytoplasme,168,1,non,non,14/10/2018,,,Séminaire,mp4,1,1,2,,,,oui,oui,oui,oui,non,https://youtu.be/2YHmuqrgaTc,
Sciences de la Vie,Cellulaire,Mitochondrie,169,1,non,non,14/10/2018,,,Séminaire,mp4,1,1,2,,,,oui,oui,oui,oui,à vérifier,https://youtu.be/3OMBmdVksNI,
Sciences de la Vie,Cellulaire,Organite,170,1,non,non,14/10/2018,,,Séminaire,mp4,1,1,2,,,,oui,oui,oui,oui,non,https://youtu.be/JZzuM0fwOok,
Sciences de la Vie,Génétique,Allèle ,171,1,non,non,14/10/2018,,,Séminaire,mp4,1,1,5,,,,oui,oui,oui,oui,non,https://youtu.be/3X0m0Y2s1Iw,
Sciences de la Vie,Génétique,Centromère,172,1,non,non,14/10/2018,,,Séminaire,mp4,1,1,2,Manque l'explication ,,,oui,oui,oui,oui,oui,https://youtu.be/nqrp868FQNo,
Sciences de la Vie,Microbiologie,Levure,173,1,non,non,14/10/2018,,,Séminaire,mp4,1,1,2,,,,oui,oui,oui,oui,non,https://youtu.be/s12NjmUFj9Y,
Sciences de la Vie,Microbiologie,Microorganisme,174,1,non,non,14/10/2018,,,Séminaire,mp4,1,1,2,,,,oui,oui,oui,oui,non,https://youtu.be/X5AQYgm8O6Y,
Sciences de la Vie,Microbiologie,Virus,175,2,non,non,14/10/2018,,,Séminaire,mp4,1,1,2,,,,oui,oui,oui,oui,non,https://youtu.be/TZ6yogHxJGA,
Sciences de la Vie,Microbiologie,Cytoplasme bactérien,176,1,non,non,14/10/2018,,,Séminaire,mp4,1,1,2,Manque l'explication + montage,,,oui,oui,oui,oui,oui,https://youtu.be/pFB9nvaZWtU,
Environnement,Ecologie,Ecosystème,177,1,non,non,14/10/2018,,,Séminaire,mp4,1,1,2,,,,oui,oui,oui,oui,oui,https://youtu.be/PokmVHYsoJY,
Informatique,Programmation,Java ,178,1,non,non,14/10/2018,,,Séminaire,mp4,1,1,2,Manque l'explication ,,,oui,oui,oui,oui,oui,https://youtu.be/uynVX_XKLBw,
Informatique,Programmation,C#,179,1,non,non,14/10/2018,,,Séminaire,mp4,1,1,2,Manque l'explication ,,,oui,oui,oui,oui,oui,https://youtu.be/t6t6B5hS9g0,
Informatique,Programmation,C++,180,1,non,non,14/10/2018,,,Séminaire,mp4,1,1,2,Manque l'explication ,,,oui,oui,oui,oui,oui,https://youtu.be/skc2Y6exPlI,
Informatique,Programmation,HTML,181,1,non,non,14/10/2018,,,Séminaire,mp4,1,1,2,Manque l'explication ,,,oui,oui,oui,oui,oui,https://youtu.be/_NTThp5BigU,
Informatique,Programmation,Javascript,182,1,non,non,14/10/2018,,,Séminaire,mp4,1,1,2,Manque l'explication ,,,oui,oui,oui,oui,oui,https://youtu.be/KM5rtNtmg2o,
Informatique,Programmation,Python,183,1,non,non,14/10/2018,,,Séminaire,mp4,1,1,2,Manque l'explication ,,,oui,oui,oui,oui,oui,https://youtu.be/6X4f4Up3jwo,
Informatique,Logiciels,Back-end,184,1,non,non,14/10/2018,,,Séminaire,mp4,1,1,2,refait à marseille parce que erreur de linguistique (inversé avec front-end)*,,,oui,oui,oui,oui,oui,https://youtu.be/ISE99xYPeUA,
Informatique,Logiciels,Front-end,185,1,non,non,14/10/2018,,,Séminaire,mp4,1,1,2, ,,,oui,oui,oui,oui,oui,https://youtu.be/DF11u7WePYU,
Informatique,Logiciels,Node.JS,186,1,non,non,14/10/2018,,,Séminaire,mp4,1,1,2,Manque l'explication ,,,oui,oui,oui,oui,oui,https://youtu.be/rdxhHaZH54o,
Informatique,Programmation,CSS,187,1,non,non,14/10/2018,,,Séminaire,mp4,1,1,2,Manque l'explication ,,,oui,oui,oui,oui,oui,https://youtu.be/momFu5TKFQ8,
Mathématiques,Géométrie,Trigonométrie,188,1,,non,14/10/2018,,,Séminaire,mp4,1,1,2,,,,oui,oui,oui,oui,oui,https://youtu.be/Nd8XFuYkImc,
Chimie,Organique,Enantiomères Z/E,189,1,non,non,14/10/2018,,,Séminaire,mp4,0,1,1,Refait par STIM x,,,oui,oui,oui,oui,non,https://youtu.be/tiFt5a6nvgU,
Chimie,Organique,Interactions de Van der Waals,190,1,non,non,14/10/2018,,,Séminaire,mp4,1,1,2,,,,oui,oui,oui,oui,non,https://youtu.be/dkeZICT80xY,
Chimie,Organique,Molécule chirale,191,1,non,non,14/10/2018,,,Séminaire,mp4,1,1,2,,,,oui,oui,oui,oui,non,https://youtu.be/t8RJNsOBkgI,
Chimie,Générale,Tableau périodique,192,2,non,non,14/10/2018,,,Séminaire,mp4,1,1,2,,,,oui,oui,oui,oui,non,https://youtu.be/pgWPmMk3jLc,
Chimie,Organique,Stéréoisomérie,193,1,non,oui,14/10/2018,,,Séminaire,mp4,1,1,2,,,,oui,oui,oui,oui,oui,https://youtu.be/-TVo8wza7_U,
Chimie,Organique,Liaison covalente,194,1,oui,oui,14/10/2018,,,Séminaire,mp4,1,0,1,Refait par STIM x,,,oui,oui,oui,oui,non,https://youtu.be/EnwX_REpMr4,
Chimie,Organique,Formule de Lewis,195,1,non,oui,14/10/2018,,,Séminaire,mp4,0,1,1,Refait par STIM x,,,oui,oui,oui,oui,non,https://youtu.be/36n4drGLV54,
Physique,Quantique,Physique quantique,196,1,non,non,14/10/2018,,,Séminaire,mp4,1,1,2,,,,oui,oui,oui,oui,oui,https://youtu.be/n3JtF5HR-qQ,
Physique,Quantique,Spin de l'électron ,197,1,non,oui,14/10/2018,,,Séminaire,mp4,1,1,2,Vidéo incomplète,,,oui,oui,oui,oui,oui,https://youtu.be/6m7mHuMUmSY,
Physique,Thermodynamique,Osmose,198,1,non,non,14/10/2018,,,Séminaire,mp4,1,1,2,Manque l'explication ,,,oui,oui,oui,oui,oui,https://youtu.be/ZO8RvxVRMMc,
Physique,Thermodynamique,Pression osmotique,199,1,non,non,14/10/2018,,,Séminaire,mp4,1,1,2,Manque l'explication ,,,oui,oui,oui,oui,oui,https://youtu.be/P5V_E6kZhNs,
Santé,Affections,Carence,200,1,non,non,14/10/2018,,,Séminaire,mp4,1,1,2,Manque l'explication ,,,oui,oui,oui,oui,oui,https://youtu.be/0JMnUAbVCPI,
Santé,Affections,Syndrome,201,1,non,non,14/10/2018,,,Séminaire,mp4,1,1,2,Manque l'explication + Vidéo mal cadrée,,,oui,oui,oui,oui,oui,https://youtu.be/L2i_N-U516s,
Santé,Physiologie,Hémoglobine,202,1,non,non,14/10/2018,,,Séminaire,mp4,1,1,2,Manque l'explication ,,,oui,oui,oui,oui,oui,https://youtu.be/QX6KLmvE270,
Santé,Physiologie,Neurotransmetteur,203,1,non,non,14/10/2018,,,Séminaire,mp4,1,1,2,Manque l'explication ,,,oui,oui,oui,oui,oui,https://youtu.be/h2VfohIb7Jw,
Santé,Physiologie,Micronutriment,204,1,non,non,14/10/2018,,,Séminaire,mp4,1,1,2,,,,oui,oui,oui,oui,non,https://youtu.be/6ncNHeVDIww,
Santé,Physiologie,Nutriment,205,1,non,non,14/10/2018,,,Séminaire,mp4,1,1,2,,,,oui,oui,oui,oui,non,https://youtu.be/g8WZkCIddPw,
Sciences de la Vie,Cellulaire,Cellule eucaryote,206,1,non,non,14/10/2018,,,Séminaire,mp4,1,1,2,Refait par STIM x,,,oui,oui,oui,oui,non,https://youtu.be/k4XJgWvHhLM,
Sciences de la Vie,Cellulaire,Cellule eucaryote,207,2,non,non,14/10/2018,,,Séminaire,mp4,1,1,2,Refait par STIM x,,,oui,oui,oui,oui,non,https://youtu.be/y-OBVmiohwk,
Sciences de la Vie,Microbiologie,Gram+,208,1,non,non,14/10/2018,,,Séminaire,mp4,1,1,2,Refait par STIM x,,,oui,oui,oui,oui,non,https://youtu.be/uebkBDp3s4s,
Sciences de la Vie,Microbiologie,Gram-,209,2,non,non,14/10/2018,,,Séminaire,mp4,1,1,2,Refait par STIM x,,,oui,oui,oui,oui,non,https://youtu.be/QX20NiCbyNE,
Informatique,Matériel Informatique,Curseur,210,1,non,non,14/10/2018,,,Séminaire,mp4,1,1,2,Refait par STIM x,,,oui,oui,oui,oui,oui,https://youtu.be/N8nlD9Jfp9g,
Informatique,Matériel Informatique,Curseur,211,2,non,non,14/10/2018,,,Séminaire,mp4,1,1,2,Refait par STIM x,,,oui,oui,oui,oui,non,https://youtu.be/TpFTj1D37qw,
Santé,Physiologie,Nutrition,212,1,non,non,14/10/2018,,,Séminaire,mp4,1,1,2,Refait par STIM x,,,oui,oui,oui,oui,non,https://youtu.be/DptsZGqvJCw,
Santé,Physiologie,Nutrition,213,2,non,non,14/10/2018,,,Séminaire,mp4,1,1,2,Refait par STIM x,,,oui,oui,oui,oui,non,https://youtu.be/-b6S6U7rc7Y,
Informatique,Logiciels,Safari,214,1,non,non,26/05/2019,,,Séminaire,mp4,1,1,2,Manque l'explication ,,,oui,oui,oui,oui,oui,https://youtu.be/f_Iyuwysn9s,
Informatique,Logiciels,Chrome,215,1,oui,non,26/05/2019,,,Séminaire,mov,1,1,2,Manque l'explication + son non coupé,,,oui,oui,oui,oui,oui,https://youtu.be/gh83ErSyxU8,
Informatique,Logiciels,Firefox,216,1,non,non,26/05/2019,,,Séminaire,mov,1,1,2,Manque l'explication + son non coupé,,,oui,oui,oui,oui,oui,https://youtu.be/GK2gcO43f6s,
Environnement,Agronomie,Pesticides,217,1,non,non,26/05/2019,,,Séminaire,mov,1,1,2,Manque l'explication ,,,oui,oui,oui,oui,oui,https://youtu.be/d8ANWIDleE8,
Environnement,Agronomie,Pesticides,218,3,non,non,26/05/2019,,,Séminaire,mp4,1,1,2,Manque l'explication ,,,oui,oui,oui,oui,oui,https://youtu.be/XBptvxmCEDU,
Environnement,Agronomie,Fongicide,219,1,non,non,26/05/2019,,,Séminaire,mov,1,1,2,Manque l'explication ,,,oui,oui,oui,oui,oui,https://youtu.be/zrVI6MrPB1w,
Environnement,Agronomie,Herbicide,220,1,non,non,26/05/2019,,,Séminaire,mov,1,1,2,Manque l'explication ,,,oui,oui,oui,oui,oui,https://youtu.be/O6v7WoRG98c,
Environnement,Ecologie,Déforestation,221,1,oui,oui,26/05/2019,,,Séminaire,mov,1,1,2,,,,oui,oui,oui,oui,non,https://youtu.be/2ffhmRKQdW4,
Environnement,Agronomie,Insecticide,222,1,non,non,26/05/2019,,,Séminaire,mp4,1,1,2,,,,oui,oui,oui,oui,oui,https://youtu.be/_P2Hg3YsiMU,
Environnement,Agronomie,Pesticides,223,2,non,non,26/05/2019,,,Séminaire,mp4,1,1,2,,,,oui,oui,oui,oui,oui,https://youtu.be/2RRqA1pivwo,
Environnement,Géologie,Sédiment,224,1,non,non,26/05/2019,,,Séminaire,mov,1,1,2,,,,oui,oui,oui,oui,oui,https://youtu.be/wDlqulzt0-g,
Environnement,Ecologie,Déforestation,225,2,oui,oui,26/05/2019,,,Séminaire,mov,0,1,1,déf dans une vidéo séparée,,,oui,oui,oui,oui,non,https://youtu.be/Xy9EYxRFxFw,
Physique,Classique,Unité de mesure,226,1,non,non,26/05/2019,,,Séminaire,mov,1,1,2,Refait par STIM x,,,oui,oui,oui,oui,non,https://youtu.be/ZUP8u8LTNxs,
Physique,Classique,Unité de mesure,227,2,non,non,26/05/2019,,,Séminaire,mov,1,1,2,Refait par STIM x,,,oui,oui,oui,oui,non,https://youtu.be/l9kklvPVSN4,
Physique,Mécanique  ,Référentiel galiléen,228,1,non,non,26/05/2019,,,Séminaire,mp4,1,1,2,Refait par STIM x,,,oui,oui,oui,oui,non,https://youtu.be/geILoi--iK0,
Physique,Mécanique  ,Référentiel non galiléen,229,1,non,non,26/05/2019,,,Séminaire,mp4,1,1,2,Refait par STIM x,,,oui,oui,oui,oui,non,https://youtu.be/Q9Icv5ZVYGw,
Sciences de la Vie,Cellulaire,Secrétion,230,1,non,non,26/05/2019,,,Séminaire,mov,1,1,2,,,,oui,oui,oui,oui,à vérifier,https://youtu.be/9qXf9Cvie50,
Sciences de la Vie,Botanique,Stomate,231,1,non,non,26/05/2019,,,Séminaire,mov,1,1,2,Manque l'explication ,,,oui,oui,oui,oui,non,https://youtu.be/aQFpu9anqK4,
Sciences de la Vie,Cellulaire,Lysosome,232,1,oui,oui,26/05/2019,,,Séminaire,mp4,1,1,2,,,,oui,oui,oui,oui,non,https://youtu.be/eW442Sy2nzs,
Environnement,Agronomie,Compost,233,1,oui,non,26/05/2019,,,Séminaire,mov,1,1,2,,,,oui,oui,oui,oui,oui,https://youtu.be/sqryV7cSW4g,
Environnement,Agronomie,Aquaculture,234,1,oui,oui,26/05/2019,,,Séminaire,mp4,1,1,2,Manque l'explication ,,,oui,oui,oui,oui,oui,https://youtu.be/kD-36TJB_G8,
Sciences de la Vie,Biologie Marine,Spiruline,235,1,non,oui,26/05/2019,,,Séminaire,mp4,1,1,2,Manque l'explication ,,,oui,oui,oui,oui,oui,https://youtu.be/QZ-prnAQhek,
Environnement,Ecologie,Proie,236,1,non,non,26/05/2019,,,Séminaire,mov,1,1,2,Manque l'explication ,,,oui,oui,oui,oui,oui,https://youtu.be/Od_hbg4c2CI,
Environnement,Ecologie,Pollinisation,237,1,non,non,26/05/2019,,,Séminaire,mov,1,1,2,Manque l'explication ,,,oui,oui,oui,oui,oui,https://youtu.be/HoLXQ7-Bh4A,
Environnement,Ecologie,Prédateur,238,1,non,non,26/05/2019,,,Séminaire,mov,1,1,2,Manque l'explication ,,,oui,oui,oui,oui,oui,https://youtu.be/s1xSzNsYuoA,
Sciences de la Vie,Biologie Marine,Saumon,239,1,non,non,26/05/2019,,,Séminaire,mp4,1,1,2,Manque l'explication ,,,oui,oui,oui,oui,oui,https://youtu.be/YQwf7gJLZbI,
Sciences de la Vie,Biologie Marine,Salmonidé,240,1,oui,oui,26/05/2019,,,Séminaire,mp4,1,1,2,Manque l'explication ,,,oui,oui,oui,oui,oui,https://youtu.be/tKmqcrW1KEQ,
Environnement,Ingénierie environnementale,Recyclage,241,1,non,non,26/05/2019,,,Séminaire,mov,1,1,2,,,,oui,oui,oui,oui,non,https://youtu.be/7nRSxNOl0-U,
Environnement,Ingénierie environnementale,Recyclage,242,2,non,non,26/05/2019,,,Séminaire,mp4,1,1,2,,,,oui,oui,oui,oui,non,https://youtu.be/33JYD5mp_lw,
Environnement,Ingénierie environnementale,Recyclage,243,3,non,non,26/05/2019,,,Séminaire,mp4,1,1,2,,,,oui,oui,oui,oui,non,https://youtu.be/npOrjz_yjn8,
Environnement,Ingénierie environnementale,Réemploi,244,1,non,non,26/05/2019,,,Séminaire,mp4,1,1,2,,,,oui,oui,oui,oui,non,https://youtu.be/6JBu8tabR3I,
Environnement,Ingénierie environnementale,Réutilisation,245,1,non,non,26/05/2019,,,Séminaire,mov,1,1,2,,,,oui,oui,oui,oui,non,https://youtu.be/D72kLd_ZUXk,
Environnement,Géologie,Erosion,246,2,non,non,26/05/2019,,,Séminaire,mov,1,1,2,,,,oui,oui,oui,oui,oui,https://youtu.be/7lpCo0eg_vU,
Environnement,Géologie,Sédimentation,247,1,non,non,26/05/2019,,,Séminaire,mp4,1,1,2,,,,oui,oui,oui,oui,oui,https://youtu.be/ZBwinAjAobM,
Informatique,Logiciels,Skype,248,1,non,non,26/05/2019,,,Séminaire,mov,1,1,2,Manque l'explication ,,,oui,oui,oui,oui,oui,https://youtu.be/YCBNmW1XWys,
Informatique,Logiciels,Chrome,249,2,oui,non,26/05/2019,,,Séminaire,mov,1,1,2,,,,oui,oui,oui,oui,oui,https://youtu.be/eUnikGhUSCY,
Informatique,Logiciels,Dropbox,250,1,non,non,26/05/2019,,,Séminaire,mp4,1,1,2,Manque l'explication ,,,oui,oui,oui,oui,oui,https://youtu.be/ZzcryVB8udM,
Informatique,Logiciels,Opensource,251,1,non,non,26/05/2019,,,Séminaire,mov,1,1,2,Manque l'explication ,,,oui,oui,oui,oui,oui,https://youtu.be/LV3G65aqu5E,
Informatique,Logiciels,Outlook,252,1,non,non,26/05/2019,,,Séminaire,mov,1,1,2,Manque l'explication ,,,oui,oui,oui,oui,oui,https://youtu.be/3hePA-iFSLM,
Informatique,Logiciels,Safari,253,1,non,non,26/05/2019,,,Séminaire,mov,1,1,2,,,,oui,oui,oui,oui,oui,https://youtu.be/f_Iyuwysn9s,
Informatique,Matériel Informatique,Virtual Machine,254,1,non,non,26/05/2019,,,Séminaire,mov,1,1,2,Manque l'explication ,,,oui,oui,oui,oui,oui,https://youtu.be/dNnhbP_Ph90,
Informatique,Logiciels,VPN,255,1,non,non,26/05/2019,,,Séminaire,mov,1,1,2,Manque l'explication + son non coupé,,,oui,oui,oui,oui,oui,https://youtu.be/2cvKIJZLddE,
Informatique,Logiciels,Google Drive,256,1,non,non,26/05/2019,,,Séminaire,mov,1,1,2,Manque l'explication + son non coupé,,,oui,oui,oui,oui,oui,https://youtu.be/HDIMIhU_BDw,
Informatique,Logiciels,OSAI,257,1,non,non,26/05/2019,,,Séminaire,mov,1,1,2,Manque l'explication,,,oui,oui,oui,oui,oui,https://youtu.be/WsZ2CUNIk3o,
Informatique,Matériel Informatique,CGU,258,1,non,non,26/05/2019,,,Séminaire,mov,1,1,2,vidéo introuvable,,,oui,oui,oui,oui,non,https://youtu.be/hgL-ZePH1EQ,
Informatique,Matériel Informatique,RGPD,259,1,non,non,26/05/2019,,,Séminaire,mov,1,1,2,Manque l'explication ,,,oui,oui,oui,oui,non,https://youtu.be/eykYoT8yj30,
Informatique,Matériel Informatique,Bios,260,1,non,non,26/05/2019,,,Séminaire,mov,1,1,2,Manque l'explication ,,,oui,oui,oui,oui,oui,https://youtu.be/ydMqvM_ZGT8,
Informatique,Matériel Informatique,Boot,261,1,non,non,26/05/2019,,,Séminaire,mov,1,1,2,Manque l'explication ,,,oui,oui,oui,oui,oui,https://youtu.be/pZeJn9oh2fg,
Informatique,Algorithmique,IA,262,1,non,non,26/05/2019,,,Séminaire,mov,1,1,2,pas le bon signe ?,,,oui,oui,oui,oui,oui,https://youtu.be/rxLzKj6rlGA,
Informatique,Matériel Informatique,Mot-clés,263,1,non,non,26/05/2019,,,Séminaire,mp4,1,1,2,Manque l'explication ,,,oui,oui,oui,oui,oui,https://youtu.be/MbUG7OvloAc,
Informatique,Logiciels,Cloud,264,1,non,non,26/05/2019,,,Séminaire,mov,1,1,2,Manque l'explication,,,oui,oui,oui,oui,oui,https://youtu.be/UGwDq_f1I2k,
Informatique,Réseau,IOT,265,1,non,non,26/05/2019,,,Séminaire,mov,1,1,2,Manque l'explication ,,,oui,oui,oui,oui,oui,https://youtu.be/K1OhTqvC3zs,
Informatique,Réseau,LiFi,266,1,non,non,26/05/2019,,,Séminaire,mp4,1,1,2,Manque l'explication ,,,oui,oui,oui,oui,oui,https://youtu.be/f3Sjbn4WQyc,
Informatique,Réseau,Réseau,267,1,non,non,26/05/2019,,,Séminaire,mov,1,1,2,Manque l'explication ,,,oui,oui,oui,oui,oui,https://youtu.be/GAiOxk09CbY,
Mathématiques,Analyse,Module,268,1,non,non,26/05/2019,,,Séminaire,mov,1,1,2,Manque l'explication ,,,oui,oui,oui,oui,oui,https://youtu.be/qEMUY3jXy8M,
Mathématiques,Arithmétique,1/10,269,1,non,non,26/05/2019,,,Séminaire,mov,1,1,2,à séparer,,,oui,oui,oui,oui,oui,https://youtu.be/UDkNHQp_iIM,
Mathématiques,Arithmétique,1/100,270,1,non,non,26/05/2019,,,Séminaire,mov,1,1,2,à séparer,,,oui,oui,oui,oui,oui,https://youtu.be/UDkNHQp_iIM,
Mathématiques,Arithmétique,1/1000,271,1,non,non,26/05/2019,,,Séminaire,mov,1,1,2,à séparer,,,oui,oui,oui,oui,oui,https://youtu.be/UDkNHQp_iIM,
Mathématiques,Analyse,Fraction,272,1,non,non,26/05/2019,,,Séminaire,mov,1,1,2,,,,oui,oui,oui,oui,oui,https://youtu.be/JE_ipJogOEg,
Mathématiques,Arithmétique,Nombre complexe,273,1,oui,oui,26/05/2019,,,Séminaire,mov,1,1,2,vidéo définition séparée,,,oui,oui,oui,oui,oui,https://youtu.be/T9ZQtb2plM0,
Mathématiques,Géométrie,Trigonométrie,274,2,,non,26/05/2019,,,Séminaire,mov,1,1,2,,,,oui,oui,oui,oui,oui,https://youtu.be/pzImfH0NdBo,
Chimie,Analytique,Spectrophotométrie,275,1,non,oui,26/05/2019,,,Séminaire,mov,1,1,2,,,,oui,oui,oui,oui,non,https://youtu.be/C_eb_10eE20,
Chimie,Minérale,Cristal,276,1,non,oui,26/05/2019,,,Séminaire,mov,1,1,2,,,,oui,oui,oui,oui,oui,https://youtu.be/5ajZ6ptnXoA,
Chimie,Générale,Molécule  ,277,1,non,oui,26/05/2019,,,Séminaire,mov,1,1,2,,,,oui,oui,oui,oui,oui,https://youtu.be/9qlyMXTyEsk,
Physique,Quantique,Nucléon,278,1,non,non,26/05/2019,,,Séminaire,mov,1,1,2,,,,oui,oui,oui,oui,oui,https://youtu.be/nFDcznSEDXk,
Physique,Quantique,Quantique,279,1,non,non,26/05/2019,,,Séminaire,mp4,1,1,2,,,,oui,oui,oui,oui,oui,https://youtu.be/RKy3BcTxlIk,
Physique,Thermodynamique,Comburant,280,1,non,non,26/05/2019,,,Séminaire,mov,1,1,2,,,,oui,oui,oui,oui,oui,https://youtu.be/w3BrXo-nFEA,
Physique,Thermodynamique,Combustible,281,1,non,non,26/05/2019,,,Séminaire,mov,1,1,2,,,,oui,oui,oui,oui,oui,https://youtu.be/19-CRuXQpFU,
Environnement,Ecologie,Parasite,282,1,non,non,26/05/2019,,,Séminaire,mp4,1,1,2,Manque l'explication ,,,oui,oui,oui,oui,oui,https://youtu.be/S-wMsMrT9V8,
Santé,Anatomie,Artère,283,1,non,non,26/05/2019,,,Séminaire,mov,1,1,2,Manque l'explication ,,,oui,oui,oui,oui,oui,https://youtu.be/Lwv2tPjiXR0,
Santé,Anatomie,Glande,284,1,non,non,26/05/2019,,,Séminaire,mov,1,1,2,Manque l'explication,,,oui,oui,oui,oui,oui,https://youtu.be/1bP5dr4_vsc,
Santé,Anatomie,Veine,285,1,non,non,26/05/2019,,,Séminaire,mov,1,1,2,Manque l'explication ,,,oui,oui,oui,oui,oui,https://youtu.be/H1Gpq1-BeTs,
Santé,Anatomie,Capillaire,286,1,oui,non,26/05/2019,,,Séminaire,mov,1,1,2,Manque l'explication ,,,oui,oui,oui,oui,oui,https://youtu.be/bedKyjM-94I,
Santé,Physiologie,Lymphe,287,1,non,non,26/05/2019,,,Séminaire,mov,1,1,2,Manque l'explication ,,,oui,oui,oui,oui,oui,https://youtu.be/S-vnYBouneM,
Santé,Physiologie,Puberté,288,1,non,non,26/05/2019,,,Séminaire,mov,1,1,2,Manque l'explication ,,,oui,oui,oui,oui,oui,https://youtu.be/g4YnKZecd0w,
Informatique,Réseau,Cybersécurité,289,1,non,non,26/05/2019,,,Séminaire,mov,1,1,2,Refait par STIM x,,,oui,oui,oui,oui,oui,https://youtu.be/e5Gj8vhUd2c,
Informatique,Réseau,Cybersécurité,290,2,non,non,26/05/2019,,,Séminaire,mov,1,1,2,Refait par STIM x,,,oui,oui,oui,oui,non,https://youtu.be/Q_1qDZEQ_lU,
Informatique,Réseau,Fibre optique,291,1,non,non,26/05/2019,,,Séminaire,mov,0,1,1,à séparer avec fibre optique 2,,,oui,oui,oui,oui,non,https://youtu.be/oTuYPfcwnSM,
Informatique,Réseau,Fibre optique,292,2,non,non,26/05/2019,,,Séminaire,mov,0,1,1,à séparer avec fribre optique 1,,,oui,oui,oui,oui,non,https://youtu.be/Q9NLrFdyDCo,
Informatique,Logiciels,iCloud,293,1,non,non,26/05/2019,,,Séminaire,mov,0,1,1,à séparer avec iCloud 2 (site deux signes),,,oui,oui,oui,oui,non,https://youtu.be/yPRK2QR_3Vk,
Informatique,Logiciels,iCloud,294,2,non,non,26/05/2019,,,Séminaire,mov,0,1,1,à séparer avec iCloud 1,,,oui,oui,oui,oui,non,https://youtu.be/ma5GASj7nWE,
Informatique,Réseau,WiFi,295,1,non,non,26/05/2019,,,Séminaire,mov,0,1,1,séparer avec les autres WiFi,,,oui,oui,oui,oui,non,https://youtu.be/WsprYffBOns,
Informatique,Réseau,WiFi,296,2,non,non,26/05/2019,,,Séminaire,mov,0,1,1,séparer avec les autres WiFi,,,oui,oui,oui,oui,non,https://youtu.be/FA9KuTRNM5A,
Informatique,Réseau,WiFi,297,3,non,non,26/05/2019,,,Séminaire,mov,0,1,1,séparer avec les autres WiFi,,,oui,oui,oui,oui,non,https://youtu.be/cbyvXwZKJtk,
Informatique,Réseau,WiFi,298,4,non,non,26/05/2019,,,Séminaire,mov,0,1,1,séparer avec les autres WiFi,,,oui,oui,oui,oui,non,https://youtu.be/HYrl5NZyqPE,
Mathématiques,Arithmétique,Nombre rationnel,299,1,oui,oui,26/05/2019,,,Séminaire,mov,1,1,2,Refait par STIM x,,,oui,oui,oui,oui,non,https://youtu.be/cKjGCOMRIaQ,
Mathématiques,Arithmétique,Nombre rationnel,300,2,oui,oui,26/05/2019,,,Séminaire,mov,1,1,2,Refait par STIM x mais vidéo incomplète,,,oui,oui,oui,oui,non,https://youtu.be/XJzyh516ESc,
Mathématiques,Arithmétique,Unité,301,1,oui,non,26/05/2019,,,Séminaire,mov,1,1,2,exemples fourni dans une autre vidéo + à séparer,,,oui,oui,oui,oui,oui,https://youtu.be/hg4CXAqrQ8c,
Mathématiques,Arithmétique,Dizaines,302,1,oui,non,26/05/2019,,,Séminaire,mov,1,1,2,exemples fourni dans une autre vidéo + à séparer,,,oui,oui,oui,oui,oui,https://youtu.be/hg4CXAqrQ8c,
Mathématiques,Arithmétique,Centaines,303,1,oui,non,26/05/2019,,,Séminaire,mov,1,1,2,exemples fourni dans une autre vidéo + à séparer,,,oui,oui,oui,oui,oui,https://youtu.be/hg4CXAqrQ8c,
Mathématiques,Géométrie,Trigonométrie,304,3,,oui,26/03/2020,,,Jeu Facebook,mp4,1,1,2,,,,oui,oui,oui,oui,non,https://youtu.be/2rz9Zk0qTUk,
Mathématiques,Géométrie,Trigonométrie,305,4,,non,26/03/2020,,,Jeu Facebook,mp4,1,1,2,,,,oui,oui,oui,oui,non,https://youtu.be/FMWsPJY_ke8,
Sciences de la Vie,Biologie Marine,Corail,306,1,,,30/03/2020,,,Jeu Facebook,?,0,0,0,Refait par STIM x,,,oui,oui,oui,oui,non,https://youtu.be/2l4x1BIIIgM,
Environnement,Climatologie,Atmosphère,307,1,non,non,05/04/2020,,,Jeu Facebook,mov,1,1,2,Refait par STIM x,,,oui,oui,oui,oui,non,https://youtu.be/eUGyff3bucE,
Sciences de la Vie,Biochimie,Glucides simples,308,1,non,non,13/04/2020,,,Jeu Facebook,mov,1,1,2,refait par STIM x,,,oui,oui,oui,oui,non,https://youtu.be/wu_-kkbZriY,
Sciences de la Vie,Biochimie,Glucides,309,1,non,non,13/04/2020,,,Jeu Facebook,mp4,1,1,2,,,,oui,oui,oui,oui,non,https://youtu.be/54yctEqUHFk,
Sciences de la Vie,Biochimie,Glucides,310,3,non,oui,13/04/2020,,,Jeu Facebook,mov,1,1,2,,,,oui,oui,oui,oui,non,https://youtu.be/zcKiOD8RHzY,
Sciences de la Vie,Biochimie,Glucides,311,2,oui,non,13/04/2020,,,Jeu Facebook,mp4,1,1,2,,,,oui,oui,oui,oui,non,https://youtu.be/-JzQnIQ1K0I,
Sciences de la Vie,Biochimie,Glucides complexes,312,1,non,non,13/04/2020,,,Jeu Facebook,mov,1,1,2,Refait par STIM x,,,oui,oui,oui,oui,non,https://youtu.be/nYz48fnWlhE,
Santé,Anatomie,Périnée,313,1,non,non,20/04/2020,,,Jeu Facebook,mov,0,1,1,Refait par STIM x,,,oui,oui,oui,oui,non,https://youtu.be/syb75HhQ7sI,
Physique,Electronique,Bobine,314,1,non,non,13/11/2020,,,Atelier,mp4,1,1,2,MVI_6003 1e ? PBM Confusion,,,non,oui,oui,oui, oui,https://youtu.be/xWQmFct9LZ0,
Physique,Classique,Energie,315,2,non,oui,13/11/2020,,,Atelier,mp4,1,1,2,,,,oui,oui,oui,oui,oui,https://youtu.be/_q8LlXelgAU,
Physique,Mécanique  ,Energie cinétique,316,1,non,oui,13/11/2020,,,Atelier,mp4,1,1,2,,,,oui,oui,oui,oui,oui,https://youtu.be/HnPC9IAkHoE,
Physique,Mécanique  ,Energie potentielle,317,1,oui,non,13/11/2020,,,Atelier,mp4,1,1,2,,,,oui,oui,oui,oui,oui,https://youtu.be/HTdS4WznPq4,
Physique,Quantique,Photon,318,2,oui,non,13/11/2020,,,Atelier,mp4,1,1,2,,,,oui,oui,oui,oui,oui,https://youtu.be/qFAEwPsCPLs,
Physique,Quantique,Quantique,319,2,oui,non,13/11/2020,,,Atelier,mp4,1,1,2,Problème à la fin de l'explication,,,oui,oui,oui,oui,oui,https://youtu.be/TV1M1O5nRwM,
Physique,Electronique,Interrupteur,320,1,non,non,13/11/2020,,,Atelier,mp4,1,1,2,MVI_6003 1er Manque l'explication ,,,oui,oui,oui,oui,oui,https://youtu.be/Ct_8y-52f4s,
Physique,Nucléaire,Fission ,321,1,non,oui,13/11/2020,,,Atelier,mp4,1,1,2,refaire définition,,,oui,oui,oui,oui,oui,https://youtu.be/zn164jlwYCc,
Physique,Optique,Infrarouge,322,1,oui,non,13/11/2020,,,Atelier,mp4,1,1,2,refaire définition,,,oui,oui,oui,oui,oui,https://youtu.be/dzLWcM9jPpw,
Physique,Electronique,Court-circuit,323,1,non,non,13/11/2020,,,Atelier,mp4,1,1,2,MVI_6003 2e,,,oui,oui,oui,oui,oui,https://youtu.be/pc5GLx2Sozo,
Physique,Electronique,Résistance,324,1,non,non,13/11/2020,,,Atelier,mp4,1,1,2,MVI_6003 3e Manque l'explication ,,,oui,oui,oui,oui,oui,https://youtu.be/HHnl4IsTihg,
Physique,Electronique,Condensateur,325,2,non,non,13/11/2020,,,Atelier,mp4,1,1,2,MVI_6003 5e Manque l'explication ,,,oui,oui,oui,oui,oui,https://youtu.be/iy_QicvrtPo,
Physique,Electronique,Courant,326,1,non,non,13/11/2020,,,Atelier,mp4,1,1,2,MVI_6003 6e vidéo à séparer,,,oui,oui,oui,oui,oui,https://youtu.be/ZdY6GAy90h0,
Physique,Electronique,Courant,327,2,non,non,13/11/2020,,,Atelier,mp4,1,1,2,MVI_6003 7e vidéo à séparer,,,oui,oui,oui,oui,oui,https://youtu.be/ZdY6GAy90h0,
Physique,Electronique,Courant,328,3,non,non,13/11/2020,,,Atelier,mp4,1,1,2,MVI_6003 8e vidéo à séparer,,,oui,oui,oui,oui,oui,https://youtu.be/ZdY6GAy90h0,
Mathématiques,Raisonnement,Théorème,329,1,non,oui,20/11/2020,,,Atelier,mov,1,1,2,,,,oui,oui,oui,oui,oui,https://youtu.be/m-rRooZSH8g,
Mathématiques,Statistiques/Probabilités,Médiane,330,1,non,oui,20/11/2020,,,Atelier,mp4,1,1,2,,,,oui,oui,oui,oui,oui,https://youtu.be/UHPCNCNS9pU,
Mathématiques,Raisonnement,Résultat,331,1,non,oui,20/11/2020,,,Atelier,mp4,1,1,2,Résultat solution,,,oui,oui,oui,oui,oui,https://youtu.be/jJx8oATHLpw,
Mathématiques,Raisonnement,Solution,332,1,non,oui,20/11/2020,,,Atelier,mp4,1,1,2,Résultat solution,,,oui,oui,oui,oui,oui,https://youtu.be/JjY-KuLUq7M,
Informatique,Algorithmique,Algorithme,333,2,oui,non,22/11/2020,,,Atelier,mov,1,1,2,,,,oui,oui,oui,oui,oui,https://youtu.be/ykCZdnPPkS8,
Mathématiques,Analyse,Variante,334,1,oui,oui,22/11/2020,,,Atelier,mp4,1,1,2,,,,oui,oui,oui,oui,oui,https://youtu.be/VNXkyignzio,
Mathématiques,Statistiques/Probabilités,Barycentre,335,1,non,oui,22/11/2020,,,Atelier,mp4,1,1,2,,,,oui,oui,oui,oui,oui,https://youtu.be/cAgYttyJEm4,
Sciences de la Vie,Botanique,Méristème racinaire,336,1,non,oui,27/11/2020,,,Atelier,mp4,1,1,2,Manque l'explication ,,,oui,oui,oui,oui,oui,https://youtu.be/70mVHrwnxPo,
Sciences de la Vie,Cellulaire,Mitochondrie,337,2,non,oui,27/11/2020,,,Atelier,mov,1,1,2,,,,oui,oui,oui,oui,oui,https://youtu.be/Q14QlZfiHi8,
Sciences de la Vie,Cellulaire,Organisme,338,1,non,oui,27/11/2020,,,Atelier,mp4,1,1,2,,,,oui,oui,oui,oui,oui,https://youtu.be/27TT_e0OYfY,
Sciences de la Vie,Cellulaire,Symbiose,339,1,non,oui,27/11/2020,,,Atelier,mp4,1,1,2,,,,oui,oui,oui,oui,oui,https://youtu.be/6pcW_YRswxA,
Sciences de la Vie,Cellulaire,Différenciation,340,1,non,oui,27/11/2020,,,Atelier,mp4,1,1,2,,,,oui,oui,oui,oui,oui,https://youtu.be/SC_Mz51VXtE,
Santé,Physiologie,Dioxygène,341,1,non,non,27/11/2020,,,Atelier,mp4,1,1,2,,,,oui,oui,oui,oui,non,https://youtu.be/2j7pxFzfSxY,
Sciences de la Vie,Botanique,Méristème caulinaire,342,1,non,oui,27/11/2020,,,Atelier,mp4,1,1,2,Manque l'explication ,,,oui,oui,oui,oui,oui,https://youtu.be/s1giRnlYLYA,
Chimie,Organique,Molécule organique,343,1,non,oui,27/11/2020,,,Atelier,mp4,1,1,2,,,,oui,oui,oui,oui,non,https://youtu.be/Phg0wqeE--k,
Sciences de la Vie,Génétique,Clone,344,1,non,oui,27/11/2020,,,Atelier,mp4,1,1,2,Problème de montage : manque les titres,,,oui,oui,oui,oui,oui,https://youtu.be/F3t_TTfZohc,
Sciences de la Vie,Génétique,Dérive génétique,345,1,non,oui,27/11/2020,,,Atelier,mov,1,1,2,Manque l'explication ,,,oui,oui,oui,oui,à vérifier,https://youtu.be/M2JwruEp_xs,
Sciences de la Vie,Génétique,Sélection naturelle ,346,1,non,oui,27/11/2020,,,Atelier,mov,1,1,2,Manque l'explication ,,,oui,oui,oui,oui,à vérifier,https://youtu.be/e7F5thaAY0Q,
Sciences de la Vie,Botanique,Chloroplaste,347,1,oui,oui,27/11/2020,,,Atelier,mov,1,1,2,Manque l'explication ,,,oui,oui,oui,oui,à vérifier,https://youtu.be/Xf8vgFUrE1w,
Sciences de la Vie,Cellulaire,Endosymbiose,348,1,non,oui,27/11/2020,,,Atelier,mp4,1,1,2,,,,oui,oui,oui,oui,oui,https://youtu.be/WbDTpIa0tcE,
Santé,Physiologie,Hémoglobine,349,2,oui,non,27/11/2020,,,Atelier,mp4,1,1,2,,,,oui,oui,oui,oui,non,https://youtu.be/u-pxqcNAjoM,
Sciences de la Vie,Cellulaire,Cellule somatique,350,1,non,oui,27/11/2020,,,Atelier,mov,1,1,2,,,,oui,oui,oui,oui,à vérifier,https://youtu.be/WAYfsogs3CA,
Sciences de la Vie,Génétique,Génotype,351,1,oui,oui,27/11/2020,,,Atelier,mov,1,1,2,,,,oui,oui,oui,oui,à vérifier,https://youtu.be/7sMppcL8t9w,
Sciences de la Vie,Cellulaire,Cellule souche,352,1,oui,non,27/11/2020,,,Atelier,mp4,1,1,2,,,,oui,oui,oui,oui,oui,https://youtu.be/sUSp_fwjP8Y,Absent dans le drive
Sciences de la Vie,Cellulaire,Cellule totipotente,353,1,oui,non,27/11/2020,,,Atelier,mp4,1,1,2,,,,oui,oui,oui,oui,oui,https://youtu.be/B7FpyQSQ1T0,Absent dans le drive
Sciences de la Vie,Biologie Marine,Béluga,354,2,non,non,02/12/2020,,,Groupe de travail,mov,1,1,2,Pas de pause / couper en deux,,,oui,oui,oui,oui,non,https://youtu.be/3m5Uf4-p6GU,
Sciences de la Vie,Biologie Marine,Rorqual commun,355,1,non,non,02/12/2020,,,Groupe de travail,mov,1,1,2,Manque l'explication ,,,oui,oui,oui,oui,oui,https://youtu.be/GYWF5Qc7vVA,
Sciences de la Vie,Biologie Marine,Rorqual bleu,356,1,non,non,02/12/2020,,,Groupe de travail,mov,1,1,2,Manque l'explication ,,,oui,oui,oui,oui,oui,https://youtu.be/t21bOb6Dz9w,
Sciences de la Vie,Biologie Marine,Rorqual à bosse,357,1,non,non,02/12/2020,,,Groupe de travail,mov,1,1,2,Manque l'explication ,,,oui,oui,oui,oui,oui,https://youtu.be/sRE17XGvRgs,
Sciences de la Vie,Biologie Marine,Petit rorqual,358,1,non,non,02/12/2020,,,Groupe de travail,mov,1,1,2,Manque l'explication ,,,oui,oui,oui,oui,oui,https://youtu.be/FlFj4heINZU,
Sciences de la Vie,Biologie Marine,Orque,359,1,non,non,02/12/2020,,,Groupe de travail,mov,1,1,2,1 vidéo / 2 signes (Pas de pause),,,oui,oui,oui,oui,oui,https://youtu.be/y_avaQXOu3I,
Sciences de la Vie,Biologie Marine,Orque,360,2,non,non,02/12/2020,,,Groupe de travail,mov,1,1,2,1 vidéo / 2 signes (Pas de pause),,,oui,oui,oui,oui,oui,,
Sciences de la Vie,Biologie Marine,Narval,361,1,non,non,02/12/2020,,,Groupe de travail,mov,1,1,2,Manque l'explication ,,,oui,oui,oui,oui,oui,https://youtu.be/XtMk4XRvFxI,
Sciences de la Vie,Biologie Marine,Marsouin,362,1,non,non,02/12/2020,,,Groupe de travail,mov,1,1,2,Manque l'explication ,,,oui,oui,oui,oui,oui,https://youtu.be/zFX0rJ7zHTA,
Sciences de la Vie,Biologie Marine,Mammifère marin,363,1,non,non,02/12/2020,,,Groupe de travail,mov,1,1,2,Manque l'explication ,,,oui,oui,oui,oui,oui,https://youtu.be/jV_FNaLH1x8,
Sciences de la Vie,Biologie Marine,Globicéphale noir,364,1,non,non,02/12/2020,,,Groupe de travail,mov,1,1,2,Manque l'explication ,,,oui,oui,oui,oui,oui,https://youtu.be/5faokc6Uq-4,
Sciences de la Vie,Biologie Marine,Dauphin de Risso,365,1,non,non,02/12/2020,,,Groupe de travail,mov,1,1,2,Manque l'explication ,,,oui,oui,oui,oui,oui,https://youtu.be/FQUKNIDZqtQ,
Sciences de la Vie,Biologie Marine,Dauphin commun,366,1,non,non,02/12/2020,,,Groupe de travail,mov,1,1,2,Manque l'explication ,,,oui,oui,oui,oui,oui,https://youtu.be/gbAi47tFoMA,
Sciences de la Vie,Biologie Marine,Dauphin bleu et blanc,367,1,non,non,02/12/2020,,,Groupe de travail,mov,1,1,2,Manque l'explication ,,,oui,oui,oui,oui,oui,https://youtu.be/hUG3jXJrO9I,
Sciences de la Vie,Biologie Marine,Dauphin à bec étroit ou sténo,368,1,non,non,02/12/2020,,,Groupe de travail,mov,1,1,2,Manque l'explication ,,,oui,oui,oui,oui,oui,https://youtu.be/3pm-Wo_DwoY,
Sciences de la Vie,Biologie Marine,Cachalot,369,1,non,non,02/12/2020,,,Groupe de travail,mov,1,1,2,Manque l'explication ,,,oui,oui,oui,oui,oui,https://youtu.be/U8Kvv3kUHHI,
Sciences de la Vie,Biologie Marine,Béluga,370,1,non,non,02/12/2020,,,Groupe de travail,mov,1,1,2,Pas de pause / couper en deux,,,oui,oui,oui,oui,oui,https://youtu.be/3m5Uf4-p6GU,
Sciences de la Vie,Biologie Marine,Baleine à bec de Cuvier,371,1,non,non,02/12/2020,,,Groupe de travail,mov,1,1,2,Manque l'explication ,,,oui,oui,oui,oui,oui,https://youtu.be/5HB_MaWjkWA,
Environnement,Ecologie,Classe,372,1,oui,oui,06/12/2020,,,Atelier,mp4,1,1,2,,,,oui,oui,oui,oui,oui,https://youtu.be/_7H3f1yMrdI,
Environnement,Ecologie,Espèce ,373,1,oui,oui,06/12/2020,,,Atelier,mp4,1,1,2,,,,oui,oui,oui,oui,oui,https://youtu.be/JkNrJ7h5iAA,
Environnement,Ecologie,Famille,374,1,oui,oui,06/12/2020,,,Atelier,mp4,1,1,2,,,,oui,oui,oui,oui,oui,https://youtu.be/rljD9xj70mg,
Environnement,Ecologie,Règne,375,1,oui,oui,06/12/2020,,,Atelier,mp4,1,1,2,,,,oui,oui,oui,oui,oui,https://youtu.be/FKYYEP3kw-o,
Environnement,Ecologie,Genre,376,1,oui,oui,06/12/2020,,,Atelier,mp4,1,1,2,,,,oui,oui,oui,oui,oui,https://youtu.be/5uXfv35uWMI,
Environnement,Ecologie,Biodiversité,377,1,oui,oui,06/12/2020,,,Atelier,mp4,0,1,1,2 signes dans 1 vidéo (idem n°9),,,oui,oui,oui,oui,oui,https://youtu.be/TT_pnHExzao,
Environnement,Ecologie,Biodiversité,378,2,oui,oui,06/12/2020,,,Atelier,mp4,0,1,1,2 signes dans 1 vidéo (idem n°8),,,oui,oui,oui,oui,oui,https://youtu.be/TT_pnHExzao,
Environnement,Géologie,Diversité des roches,379,1,non,oui,06/12/2020,,,Atelier,mp4,1,1,2,refait par STIM x,,,oui,oui,oui,oui,non,https://youtu.be/RYxeNuDqb28,
Sciences de la Vie,Botanique,Conifère,380,1,oui,non,06/12/2020,,,Atelier,mp4,1,1,2,manque le signe répété à la fin,,,oui,oui,oui,oui,oui,https://youtu.be/Glg6QwooYUM,
Sciences de la Vie,Botanique,Feuillus,381,1,oui,non,06/12/2020,,,Atelier,mp4,1,1,2,manque le signe répété à la fin,,,oui,oui,oui,oui,oui,https://youtu.be/lPRSQrKYeuE,
Sciences de la Vie,Génétique,Croisement,382,1,oui,oui,06/12/2020,,,Atelier,mp4,0,1,1,Pas bon fond,,,oui,oui,oui,oui,oui,https://youtu.be/ppFvQVmW2dQ,
Sciences de la Vie,Génétique,Hybridation,383,1,oui,oui,06/12/2020,,,Atelier,mp4,0,1,1,Pas bon fond,,,oui,oui,oui,oui,oui,https://youtu.be/sfXBafMBEIg,
Sciences de la Vie,Botanique,Ginkgo,384,1,oui,non,06/12/2020,,,Atelier,mp4,1,1,2,vidéo introuvable,,,oui,oui,oui,oui,oui,https://youtu.be/9zDCtJ_eMcM,
Sciences de la Vie,Génétique,Reproduction sexuée,385,1,oui,oui,06/12/2020,,,Atelier,mp4,0,1,1,Pas bon fond,,,oui,oui,oui,oui,oui,https://youtu.be/WCH-clVZOI0,
Sciences de la Vie,Génétique,Reproduction asexuée,386,1,oui,oui,06/12/2020,,,Atelier,mp4,0,1,1,Pas bon fond,,,oui,oui,oui,oui,oui,https://youtu.be/2d0F9ugzO5o,
Environnement,Ecologie,Etre vivant,387,1,oui,non,06/12/2020,,,Atelier,mov,1,1,2,manque le signe répété à la fin,,,oui,oui,oui,oui,oui,https://youtu.be/Jsy-4n4LcyY,
Environnement,Ecologie,Variété,388,1,oui,non,06/12/2020,,,Atelier,mp4,1,1,2,,,,oui,oui,oui,oui,oui,https://youtu.be/-4cawhsw3mQ,
Informatique,Logiciels,Plug-in,389,1,non,non,14/02/2021,,,Atelier,mp4,1,1,2,manque le signe répété à la fin (à rajouter au montage),,,oui,oui,oui,oui,oui,https://youtu.be/9dp2r4OyS0E,
Informatique,Algorithmique,Compilation,390,1,oui,non,14/02/2021,,,Atelier,mp4,1,1,2,,,,oui,oui,oui,oui,oui,https://youtu.be/khyC0QQOWB4,
Informatique,Algorithmique,Deep-Learning,391,1,oui,non,14/02/2021,,,Atelier,mp4,1,1,2,Refait par STIM x a séparer,,,oui,oui,oui,oui,non,https://youtu.be/wXB-FWd_ix4,
Informatique,Logiciels,Opéra,392,1,oui,non,14/02/2021,,,Atelier,mp4,1,1,2,,,,oui,oui,oui,oui,oui,https://youtu.be/rRxrZQRGTSw,
Informatique,Logiciels,Internet Explorer,393,1,oui,non,14/02/2021,,,Atelier,mp4,1,1,2,,,,oui,oui,oui,oui,oui,https://youtu.be/n_h3PEagz0w,
Informatique,Logiciels,Navigateur,394,1,oui,non,14/02/2021,,,Atelier,mov,1,1,2,,,,oui,oui,oui,oui,oui,https://youtu.be/sQwUCRJk0yI,
Informatique,Logiciels,Git Hub,395,1,oui,non,14/02/2021,,,Atelier,mp4,1,1,2,,,,oui,oui,oui,oui,oui,https://youtu.be/T4otzMn-NvU,
Informatique,Logiciels,Slack,396,1,oui,non,14/02/2021,,,Atelier,mp4,1,1,2,,,,oui,oui,oui,oui,oui,https://youtu.be/tunj-ZH7D64,
Informatique,Réseau,Routeur,397,1,oui,non,14/02/2021,,,Atelier,mp4,0,1,1,à séparer avec routeur 2,,,oui,oui,oui,oui,non,https://youtu.be/F8Q7QTRlYQs,
Informatique,Cybersécurité,Hacker,398,1,oui,non,14/02/2021,,,Atelier,mp4,1,1,2,,,,oui,oui,oui,oui,oui,https://youtu.be/2GnAuT16HFI,
Informatique,Algorithmique,Deep-Learning,399,2,oui,non,14/02/2021,,,Atelier,mp4,1,1,2,Refait par STIM x a séparer,,,oui,oui,oui,oui,non,https://youtu.be/whvqcmgFHWU,
Informatique,Logiciels,Safari,400,2,oui,non,14/02/2021,,,Atelier,mp4,1,1,2,,,,oui,oui,oui,oui,oui,https://youtu.be/h_G9uS9MNVg,
Informatique,Logiciels,Chrome,401,2,oui,non,14/02/2021,,,Atelier,mp4,1,1,2,,,,oui,oui,oui,oui,oui,https://youtu.be/eUnikGhUSCY,
Informatique,Logiciels,Firefox,402,2,oui,non,14/02/2021,,,Atelier,mp4,1,1,2,,,,oui,oui,oui,oui,non,https://youtu.be/2zjKqRXOxro,
Informatique,Réseau,Routeur,403,2,oui,non,14/02/2021,,,Atelier,mp4,0,1,1,à séparer avec routeur 1,,,oui,oui,oui,oui,non,https://youtu.be/WsuShkVJU8k,
Sciences de la Vie,Génétique,Spéciation,404,1,oui,oui,10/03/2021,,,Groupe de travail,mp4,1,1,2,,,,oui,oui,oui,oui,oui,https://youtu.be/ss0tT6b0VJw,
Sciences de la Vie,Biochimie,Phospholipides (bicouche lipidique),405,1,oui,oui,10/03/2021,,,Groupe de travail,mp4,1,1,2,,,,oui,oui,oui,oui,oui,https://youtu.be/5cLtfkcjNUk,
Sciences de la Vie,Génétique,ARN,406,1,non,non,10/03/2021,,,Groupe de travail,mp4,1,1,2,,,,oui,oui,oui,oui,oui,https://youtu.be/X_4x4_QpTzI,
Sciences de la Vie,Génétique,Transcription,407,2,oui,non,10/03/2021,,,Groupe de travail,mp4,1,1,2,,,,oui,oui,oui,oui,oui,https://youtu.be/NwruFbmUxtQ,
Sciences de la Vie,Génétique,Réplication,408,1,oui,non,10/03/2021,,,Groupe de travail,mp4,1,1,2,,,,oui,oui,oui,oui,oui,https://youtu.be/Glcb3chIeMM,
Santé,Affections,Maladie vectorielle,409,1,oui,non,10/03/2021,,,Groupe de travail,mp4,1,1,2,,,,oui,oui,oui,oui,oui,https://youtu.be/42cCvijp4F4,
Sciences de la Vie,Cellulaire,Fécondation,410,1,non,non,14/03/2021,,,Atelier,mp4,1,1,2,,,,oui,oui,oui,oui,non,https://youtu.be/2Jubja-zs2s,
Sciences de la Vie,Génétique,Allèle,411,2,non,oui,14/03/2021,,,Atelier,mp4,1,1,2,Explication schéma,,,oui,oui,oui,oui,non,https://youtu.be/sYD9oUXH3Fg,
Sciences de la Vie,Génétique,Gène,412,2,non,oui,14/03/2021,,,Atelier,mp4,1,1,2,,,,oui,oui,oui,oui,non,https://youtu.be/6fTtibWb--U,
Sciences de la Vie,Cellulaire,Organite,413,2,oui,oui,14/03/2021,,,Atelier,mp4,1,1,2,,,,oui,oui,oui,oui,non,https://youtu.be/-LXtizN73Ws,
Sciences de la Vie,Botanique,Photosynthèse,414,2,non,non,14/03/2021,,,Atelier,mp4,1,1,2,,,,oui,oui,oui,oui,non,https://youtu.be/k0QCrsTAT6s,
Sciences de la Vie,Cellulaire,Cytoplasme,415,2,oui,non,14/03/2021,,,Atelier,mp4,1,1,2,,,,oui,oui,oui,oui,non,https://youtu.be/4Pjr3YM9dzE,
Sciences de la Vie,Cellulaire,Cellule,416,1,non,non,14/03/2021,,,Atelier,mp4,1,1,2,Vidéo à couper en 2 (à remonter),,,oui,oui,oui,oui,non,https://youtu.be/0y_NSlR8fHM,
Environnement,Agronomie,Cépage,417,1,non,oui,02/02/2025,,,Séminaire,mp4,1,1,2,,,,oui,oui,oui,oui,non,https://youtu.be/4WVfqnK67M8,
Sciences de la Vie,Génétique,Caryotype,418,1,non,non,14/03/2021,,,Atelier,mp4,1,1,2,Refait par STIM x,,,oui,oui,oui,oui,non,https://youtu.be/RfqQYGgGTiw,
Sciences de la Vie,Génétique,Chromosome,419,1,oui,non,14/03/2021,,,Atelier,mp4,1,1,2,Explication schéma vague (à diviser en 2),,,oui,oui,oui,oui,non,https://youtu.be/Vk8g0wYZ6Cw,
Sciences de la Vie,Botanique,Chlorophylle,420,1,oui,oui,14/03/2021,,,Atelier,mp4,1,1,2,,,,oui,oui,oui,oui,non,https://youtu.be/fe-Oj75YYJs,
Sciences de la Vie,Botanique,Sève,421,1,oui,oui,14/03/2021,,,Atelier,mp4,1,1,2,1 seconde floutée,,,oui,oui,oui,oui,non,https://youtu.be/piz0xd4xNMA,
Sciences de la Vie,Botanique,Sève brute,422,1,oui,oui,14/03/2021,,,Atelier,mp4,1,1,2,1 seconde floutée,,,oui,oui,oui,oui,non,https://youtu.be/YcA0Tml9Heg,
Sciences de la Vie,Botanique,Sève élaborée,423,1,oui,oui,14/03/2021,,,Atelier,mp4,1,1,2,1 seconde floutée ,,,oui,oui,oui,oui,non,https://youtu.be/VK9he0JaYTE,
Sciences de la Vie,Biologie Marine,Phoque,424,1,non,non,24/03/2021,,,Groupe de travail,mov,1,1,2,,,,oui,oui,oui,oui,non,https://youtu.be/E7BPv-CjnxE,
Sciences de la Vie,Biologie Marine,Otarie,425,1,non,non,24/03/2021,,,Groupe de travail,mov,1,1,2,,,,oui,oui,oui,oui,non,https://youtu.be/R30MqMv_Nvs,
Sciences de la Vie,Biologie Marine,Manchot,426,1,non,non,24/03/2021,,,Groupe de travail,mov,1,1,2,,,,oui,oui,oui,oui,non,https://youtu.be/0FpsIIU99YY,
Sciences de la Vie,Biologie Marine,Requin baleine,427,1,non,non,24/03/2021,,,Groupe de travail,mov,1,1,2,,,,oui,oui,oui,oui,non,https://youtu.be/NoSFeqrx4bs,
Sciences de la Vie,Biologie Marine,Requin blanc ,428,1,non,non,24/03/2021,,,Groupe de travail,mov,1,1,2,,,,oui,oui,oui,oui,non,https://youtu.be/WKessEy-NKg,
Sciences de la Vie,Biologie Marine,Elephant de mer,429,1,non,non,24/03/2021,,,Groupe de travail,mov,1,1,2,,,,oui,oui,oui,oui,non,https://youtu.be/YKeOKCMqDPc,
Sciences de la Vie,Biologie Marine,Morse,430,1,non,non,24/03/2021,,,Groupe de travail,mov,1,1,2,,,,oui,oui,oui,oui,non,https://youtu.be/_WTtaop2JR8,
Sciences de la Vie,Biologie Marine,Léopard de mer ,431,1,non,non,24/03/2021,,,Groupe de travail,mov,1,1,2,,,,oui,oui,oui,oui,non,https://youtu.be/yKEfqELivpA,
Sciences de la Vie,Biologie Marine,Baleine boréale ,432,1,non,non,24/03/2021,,,Groupe de travail,mov,1,1,2,,,,oui,oui,oui,oui,non,https://youtu.be/rccEFz1luoM,
Sciences de la Vie,Biologie Marine,Requin marteau,433,1,non,non,24/03/2021,,,Groupe de travail,mov,1,1,2,,,,oui,oui,oui,oui,non,https://youtu.be/WIeQLdrc_0w,
Sciences de la Vie,Biologie Marine,Requin scie,434,1,non,non,24/03/2021,,,Groupe de travail,mov,1,1,2,,,,oui,oui,oui,oui,non,https://youtu.be/_ni9ACcvDJQ,
Sciences de la Vie,Biologie Marine,Requin pèlerin,435,1,non,non,24/03/2021,,,Groupe de travail,mov,1,1,2,,,,oui,oui,oui,oui,non,https://youtu.be/fHWuuGSo9Dk,
Sciences de la Vie,Biologie Marine,Requin Tigre,436,1,non,non,24/03/2021,,,Groupe de travail,mov,1,1,2,,,,oui,oui,oui,oui,non,https://youtu.be/3mAzp2MNgsw,
Sciences de la Vie,Biologie Marine,Requin taureau,437,1,non,non,24/03/2021,,,Groupe de travail,mov,1,1,2,video à couper en 3 vidéos,,,oui,oui,oui,oui,non,https://youtu.be/dDfbp5BFCXE,
Sciences de la Vie,Biologie Marine,Espadon,438,1,non,non,24/03/2021,,,Groupe de travail,mov,1,1,2,,,,oui,oui,oui,oui,non,https://youtu.be/4nAht_EvV_M,
Sciences de la Vie,Biologie Marine,Poisson Marlin,439,1,non,non,24/03/2021,,,Groupe de travail,mov,1,1,2,,,,oui,oui,oui,oui,non,https://youtu.be/LaLU2O1CYeg,
Sciences de la Vie,Biologie Marine,Poisson Voilier ,440,1,non,non,24/03/2021,,,Groupe de travail,mov,1,1,2,,,,oui,oui,oui,oui,non,https://youtu.be/7jhkTdyjcTk,
Sciences de la Vie,Biologie Marine,Thon,441,1,non,non,24/03/2021,,,Groupe de travail,mov,1,1,2,,,,oui,oui,oui,oui,non,https://youtu.be/TxCyyCa3PlA,
Sciences de la Vie,Biologie Marine,Requin léopard ,442,1,non,non,24/03/2021,,,Groupe de travail,mov,1,1,2,,,,oui,oui,oui,oui,non,https://youtu.be/TxrpLiRwBp0,
Sciences de la Vie,Biologie Marine,Cétacés ,443,1,non,non,24/03/2021,,,Groupe de travail,mov,1,1,2,,,,oui,oui,oui,oui,non,https://youtu.be/HqITkfZCRZg,
Sciences de la Vie,Biologie Marine,Poisson Marlin,444,2,non,non,24/03/2021,,,Groupe de travail,mov,1,1,2,,,,oui,oui,oui,oui,non,https://youtu.be/BKKW94Iw8kA,
Sciences de la Vie,Biologie Marine,Poisson Voilier ,445,2,non,non,24/03/2021,,,Groupe de travail,mov,1,1,2,,,,oui,oui,oui,oui,non,https://youtu.be/LNjZMC4l828,
Sciences de la Vie,Biologie Marine,Requin taureau,446,2,non,non,24/03/2021,,,Groupe de travail,mov,1,1,2,video à couper en 3 vidéos,,,oui,oui,oui,oui,non,https://youtu.be/4HLxlTaOtm4,
Sciences de la Vie,Biologie Marine,Requin taureau,447,3,non,non,24/03/2021,,,Groupe de travail,mov,1,1,2,video à couper en 3 vidéos,,,oui,oui,oui,oui,non,https://youtu.be/MiPJiBLQJtk,
Sciences de la Vie,Génétique,ADN,448,1,oui,non,24/03/2021,,,Groupe de travail,mp4,1,1,2,,,,oui,oui,oui,oui,oui,https://youtu.be/nTapKef_8Rs,
Sciences de la Vie,Génétique,Génome,449,2,oui,non,30/03/2021,,,Groupe de travail,mp4,1,1,2,,,,oui,oui,oui,oui,oui,https://youtu.be/SP9Oryt1bZA,
Santé,Affections,Endémie ,450,1,oui,non,30/03/2021,,,Groupe de travail,m4v,1,1,2,,,,oui,oui,oui,oui,oui,https://youtu.be/3hh6vzZBFjU,
Santé,Affections,Épidémie ,451,1,oui,non,30/03/2021,,,Groupe de travail,m4v,1,1,2,,,,oui,oui,oui,oui,oui,https://youtu.be/mBb4Mc4bBGA,
Santé,Affections,Pandémie ,452,1,oui,non,30/03/2021,,,Groupe de travail,m4v,1,1,2,,,,oui,oui,oui,oui,oui,https://youtu.be/yYw8HSweol8,
Santé,Affections,Pathogène ,453,1,oui,non,30/03/2021,,,Groupe de travail,mp4,1,1,2,"début et fin : pas de pause, image à figer? ",,,oui,oui,oui,oui,non,https://youtu.be/c1ZrQE7sz6U,
Sciences de la Vie,Microbiologie,Microorganisme ,454,2,oui,non,30/03/2021,,,Groupe de travail,mp4,1,1,2,,,,oui,oui,oui,oui,oui,https://youtu.be/RmbmHj4NL1E,
Physique,Nucléaire,Marie Curie,455,1,non,non,11/04/2021,,,Formation,mp4,1,1,2,,,,oui,oui,oui,oui,non,https://youtu.be/Ufd6-HQ04L8,
Mathématiques,Statistiques/Probabilités,Donnée,456,1,non,non,11/04/2021,,,Atelier,mp4,1,1,2,,,,oui,oui,oui,oui,non,https://youtu.be/DFni1dwjL2k,
Mathématiques,Statistiques/Probabilités,Base des données,457,1,oui,non,11/04/2021,,,Atelier,mp4,1,1,2,,,,oui,oui,oui,oui,non,https://youtu.be/Xz46BLGRCeo,
Mathématiques,Arithmétique,Proportion,458,1,oui,oui,11/04/2021,,,Atelier,mp4,1,1,2,,,,oui,oui,oui,oui,non,https://youtu.be/M4mMrN1LiM0 ,
Mathématiques,Arithmétique,Proportions,459,1,oui,oui,11/04/2021,,,Atelier,mp4,1,1,2,,,,oui,oui,oui,oui,non,https://youtu.be/lFPMVy85IAA,
Mathématiques,Arithmétique,Proportions,460,2,oui,oui,11/04/2021,,,Atelier,mp4,1,1,2,,,,oui,oui,oui,oui,non,https://youtu.be/G3MvxH5vf4A,
Mathématiques,Arithmétique,Proportions,461,3,oui,oui,11/04/2021,,,Atelier,mp4,1,1,2,,,,oui,oui,oui,oui,non,https://youtu.be/12RnrGMlST0,
Mathématiques,Statistiques/Probabilités,Ecart-type,462,1,oui,oui,11/04/2021,,,Atelier,mp4,1,1,2,,,,oui,oui,oui,oui,non,https://youtu.be/7dXaZhv4XNk,
Mathématiques,Analyse,Fonction,463,1,non,non,11/04/2021,,,Atelier,mp4,1,1,2,,,,oui,oui,oui,oui,non,https://youtu.be/NNjj6s7Ag0Q,
Chimie,Générale,Acide Base,464,1,non,non,11/04/2021,,,Formation,mp4,1,1,2,,,,oui,oui,oui,oui,non,https://youtu.be/0Tfw8ACka_k,
Physique,Nucléaire,Aéroréfrigérant,465,1,non,non,11/04/2021,,,Formation,mp4,1,1,2,,,,oui,oui,oui,oui,non,https://youtu.be/OtOkztK-eLQ,
Physique,Classique,Aimant,466,3,non,non,11/04/2021,,,Formation,mp4,1,1,2,,,,oui,oui,oui,oui,non,https://youtu.be/V6Dv_SXlb3g,
Physique,Electronique,Alternateur,467,1,non,non,11/04/2021,,,Formation,mp4,1,1,2,,,,oui,oui,oui,oui,non,https://youtu.be/6eH8mjFhCBA,
Physique,Quantique,Atome,468,2,non,non,11/04/2021,,,Formation,mp4,1,1,2,,,,oui,oui,oui,oui,non,https://youtu.be/dc14G8AScto,
Physique,Electronique,Axe,469,1,non,non,11/04/2021,,,Formation,mp4,1,1,2,,,,oui,oui,oui,oui,non,https://youtu.be/3QldWok8_4E,
Mathématiques,Statistiques/Probabilités,Barre d'erreur,470,1,non,non,11/04/2021,,,Formation,mp4,1,1,2,,,,oui,oui,oui,oui,non,https://youtu.be/yeW3_r29l_o,
Physique,Nucléaire,Bâtiment réacteur,471,1,non,non,11/04/2021,,,Formation,mp4,1,1,2,,,,oui,oui,oui,oui,non,https://youtu.be/HlsIZdNDkXg,
Physique,Nucléaire,Becquerel ,472,1,non,non,11/04/2021,,,Formation,mp4,1,1,2,,,,oui,oui,oui,oui,non,https://youtu.be/7zoFqz9pxWo,
Physique,Nucléaire,Unité Becquerel ,473,1,non,non,11/04/2021,,,Formation,mp4,1,1,2,,,,oui,oui,oui,oui,non,https://youtu.be/8OSFpOT7MKU,
Physique,Electronique,Bobine,474,2,non,non,11/04/2021,,,Formation,mp4,1,1,2,,,,oui,oui,oui,oui,non,https://youtu.be/uOR0H4oSPrs,
Environnement,Ingénierie Environnementale,Centrale Hydraulique,475,1,non,non,11/04/2021,,,Formation,mp4,1,1,2,,,,oui,oui,oui,oui,non,https://youtu.be/PakawONplUs,
Physique,Thermodynamique,Chaleur ,476,1,non,non,11/04/2021,,,Formation,mp4,1,1,2,,,,oui,oui,oui,oui,non,https://youtu.be/4vbI2rch-yM,
Chimie,Générale,Cohésion de liaison,477,1,non,non,11/04/2021,,,Formation,mp4,1,1,2,,,,oui,oui,oui,oui,non,https://youtu.be/fPLpWmc689o,
Physique,Thermodynamique,Compresseur,478,1,non,non,11/04/2021,,,Formation,mp4,1,1,2,,,,oui,oui,oui,oui,non,https://youtu.be/0n0vEAJM6sY,
Physique,Nucléaire,Compteur Geiger,479,1,non,non,11/04/2021,,,Formation,mp4,1,1,2,,,,oui,oui,oui,oui,non,https://youtu.be/2IDXsp2-qKw,
Chimie,Générale,Conductivité,480,1,non,non,11/04/2021,,,Formation,mp4,1,1,2,,,,oui,oui,oui,oui,non,https://youtu.be/ymwo9Nr-I6o,
Physique,Nucléaire,Confinement,481,1,non,non,11/04/2021,,,Formation,mp4,1,1,2,,,,oui,oui,oui,oui,non,https://youtu.be/Jk_0UZEfLN8,
Physique,Nucléaire,Contamination,482,1,non,non,11/04/2021,,,Formation,mp4,1,1,2,,,,oui,oui,oui,oui,non,https://youtu.be/gDFmYmLphiE,
Physique,Nucléaire,Cuve,483,1,non,non,11/04/2021,,,Formation,mp4,1,1,2,,,,oui,oui,oui,oui,non,https://youtu.be/jXqRxyHrW-U,
Chimie,Générale,Datation,484,1,non,non,11/04/2021,,,Formation,mp4,0,1,1,Refait par STIM,,,oui,oui,oui,oui,non,https://youtu.be/6krTQsO-KUg,
Chimie,Générale,Défaut de masse,485,1,non,non,11/04/2021,,,Formation,mp4,1,1,2,,,,oui,oui,oui,oui,non,https://youtu.be/6ot81FsNTvM,
Physique,Nucléaire,Demi-vie,486,1,non,non,11/04/2021,,,Formation,mp4,1,1,2,,,,oui,oui,oui,oui,non,https://youtu.be/OmEXHcxCwtI,
Physique,Nucléaire,Désintégration,487,2,non,non,11/04/2021,,,Formation,mp4,0,1,1,Refait par STIM,,,oui,oui,oui,oui,non,https://youtu.be/YHNGutyfe-c,
Physique,Thermodynamique,Détendeur,488,1,non,non,11/04/2021,,,Formation,mp4,1,1,2,,,,oui,oui,oui,oui,non,https://youtu.be/w5zjVktFAx8,
Chimie,Générale,Dose,489,1,non,non,11/04/2021,,,Formation,mp4,1,1,2,,,,oui,oui,oui,oui,non,https://youtu.be/w3kJkxU5y1E,
Physique,Nucléaire,Dosimètre,490,1,non,non,11/04/2021,,,Formation,mp4,1,1,2,,,,oui,oui,oui,oui,non,https://youtu.be/OZslQdQkQ_8,
Chimie,Générale,Eau distillée,491,1,non,non,11/04/2021,,,Formation,mp4,1,1,2,,,,oui,oui,oui,oui,non,https://youtu.be/VuNytY4JWM0,
Environnement,Ingénierie Environnementale,Effluents,492,1,non,non,11/04/2021,,,Formation,mp4,1,1,2,,,,oui,oui,oui,oui,non,https://youtu.be/5ngiduZodgs,
Physique,Classique,Electromagnétique,493,1,non,non,11/04/2021,,,Formation,mp4,1,1,2,,,,oui,oui,oui,oui,non,https://youtu.be/hihbozT63po,
Physique,Quantique,Electron,494,1,non,non,11/04/2021,,,Formation,mp4,1,1,2,,,,oui,oui,oui,oui,non,https://youtu.be/kuiBbprJ2KI,
Physique,Nucléaire,Emprise au sol,495,1,non,non,11/04/2021,,,Formation,mp4,1,1,2,,,,oui,oui,oui,oui,non,https://youtu.be/55xIEkdItio,
Physique,Mécanique  ,Energie cinétique,496,2,non,non,11/04/2021,,,Formation,mp4,1,1,2,,,,oui,oui,oui,oui,non,https://youtu.be/HO9f4T5eb2k,
Physique,Mécanique  ,Energie de pression,497,1,non,non,11/04/2021,,,Formation,mp4,1,1,2,,,,oui,oui,oui,oui,non,https://youtu.be/WOpqIQCkaJI,
Physique,Mécanique  ,Energie potentielle,498,2,non,non,11/04/2021,,,Formation,mp4,1,1,2,,,,oui,oui,oui,oui,non,https://youtu.be/e8Cu-PhDLYQ,
Environnement,Ingénierie Environnementale,Enfouissement,499,1,non,non,11/04/2021,,,Formation,mp4,1,1,2,,,,oui,oui,oui,oui,non,https://youtu.be/PBcJkl0EFI4,
Physique,Thermodynamique,Enthalpie,500,1,non,non,11/04/2021,,,Formation,mp4,1,1,2,,,,oui,oui,oui,oui,non,https://youtu.be/QzuJaTnZUG4,
Physique,Thermodynamique,Entropie,501,1,non,non,11/04/2021,,,Formation,mp4,1,1,2,,,,oui,oui,oui,oui,non,https://youtu.be/8fnaShvBV8Q,
Technologie,Métrologie,Erreur systématique,502,1,non,non,11/04/2021,,,Formation,mp4,1,1,2,,,,oui,oui,oui,oui,non,https://youtu.be/bETiyHVoUls,
Technologie,Métrologie,Etalon,503,1,non,non,11/04/2021,,,Formation,mp4,1,1,2,,,,oui,oui,oui,oui,non,https://youtu.be/R2nZVL1QKYY,
Technologie,Métrologie,Etalonnage,504,1,non,non,11/04/2021,,,Formation,mp4,1,1,2,,,,oui,oui,oui,oui,non,https://youtu.be/lYq5wz-NO_4,
Physique,Nucléaire,Fission nucléaire,505,2,non,non,11/04/2021,,,Formation,mp4,1,1,2,,,,oui,oui,oui,oui,non,https://youtu.be/GMkZDiirbNE,
Physique,Thermodynamique,Fluide caloporteur,506,1,non,non,11/04/2021,,,Formation,mp4,1,1,2,,,,oui,oui,oui,oui,non,https://youtu.be/cf2VhaXY-fU,
Physique,Nucléaire,Fusion nucléaire,507,1,non,non,11/04/2021,,,Formation,mp4,1,1,2,,,,oui,oui,oui,oui,non,https://youtu.be/Q9Jt1XZF7Uk,
Chimie,Générale,Fusion,508,1,non,non,11/04/2021,,,Formation,mp4,1,1,2,,,,oui,oui,oui,oui,non,https://youtu.be/layzdqnfYxc,
Physique,Nucléaire,Gaine,509,1,non,non,11/04/2021,,,Formation,mp4,1,1,2,,,,oui,oui,oui,oui,non,https://youtu.be/Yu8Xcuq-LlY,
Physique,Nucléaire,Grappe de commande,510,1,non,non,11/04/2021,,,Formation,mp4,1,1,2,,,,oui,oui,oui,oui,non,https://youtu.be/4HkcpM_VWII,
Physique,Nucléaire,Gray,511,1,non,non,11/04/2021,,,Formation,mp4,1,1,2,,,,oui,oui,oui,oui,non,https://youtu.be/Z4EOn-M6x7g,
Physique,Nucléaire,Instable,512,1,non,non,11/04/2021,,,Formation,mp4,1,1,2,,,,oui,oui,oui,oui,non,https://youtu.be/pRTrG_Pg3SE,
Physique,Electronique,Intensité,513,1,non,non,11/04/2021,,,Formation,mp4,1,1,2,,,,oui,oui,oui,oui,non,https://youtu.be/slf_XLTd1SU,
Physique,Quantique,Ion,514,1,non,non,11/04/2021,,,Formation,mp4,1,1,2,,,,oui,oui,oui,oui,non,https://youtu.be/bb4R3Muzsz4,
Physique,Nucléaire,Irradiation,515,1,non,non,11/04/2021,,,Formation,mp4,1,1,2,,,,oui,oui,oui,oui,non,https://youtu.be/ej5Ja7Q-u7k,
Physique,Thermodynamique,Irréversible,516,1,non,non,11/04/2021,,,Formation,mp4,1,1,2,,,,oui,oui,oui,oui,non,https://youtu.be/hp1EAw0hq88,
Chimie,Générale,Isotope,517,1,non,non,11/04/2021,,,Formation,mp4,1,1,2,,,,oui,oui,oui,oui,non,https://youtu.be/M0nz6C2QQys,
Physique,Thermodynamique,Joule,518,1,non,non,11/04/2021,,,Formation,mp4,1,1,2,,,,oui,oui,oui,oui,non,https://youtu.be/W8fVRhFRs08,
Physique,Quantique,Neutron,519,1,non,non,11/04/2021,,,Formation,mp4,1,1,2,,,,oui,oui,oui,oui,non,https://youtu.be/W8fVRhFRs08,
Chimie,Générale,Noyau,520,1,non,non,11/04/2021,,,Formation,mp4,0,1,1,Refait par STIM,,,oui,oui,oui,oui,non,https://youtu.be/_a2kBzrgTng,
Chimie,Générale,Oxygène,521,1,non,non,11/04/2021,,,Formation,mp4,1,1,2,,,,oui,oui,oui,oui,non,https://youtu.be/djaqRzahAf0,
Physique,Quantique,Particule,522,1,non,non,11/04/2021,,,Formation,mp4,1,1,2,,,,oui,oui,oui,oui,non,https://youtu.be/FyLDX9Ag4GQ,
Physique,Thermodynamique,Pascal,523,1,non,non,11/04/2021,,,Formation,mp4,1,1,2,,,,oui,oui,oui,oui,non,https://youtu.be/5jABbvn8Xks,
Physique,Mécanique  ,Perte de charge,524,1,non,non,11/04/2021,,,Formation,mp4,1,1,2,,,,oui,oui,oui,oui,non,https://youtu.be/jODNn9p6xzU,
Chimie,Générale,Point critique,525,1,non,non,11/04/2021,,,Formation,mp4,1,1,2,,,,oui,oui,oui,oui,non,https://youtu.be/yzil4J7H2r0,
Chimie,Générale,Point de fusion,526,1,non,non,11/04/2021,,,Formation,mp4,1,1,2,,,,oui,oui,oui,oui,non,https://youtu.be/qvUEybDNpbE,
Chimie,Générale,Point triple,527,1,non,non,11/04/2021,,,Formation,mp4,1,1,2,,,,oui,oui,oui,oui,non,https://youtu.be/SnkMMXTRsXE,
Physique,Thermodynamique,Pompe à chaleur,528,1,non,non,11/04/2021,,,Formation,mp4,1,1,2,,,,oui,oui,oui,oui,non,https://youtu.be/pI81cmIui2k,
Physique,Thermodynamique,Pompe,529,1,non,non,11/04/2021,,,Formation,mp4,1,1,2,,,,oui,oui,oui,oui,non,https://youtu.be/1hpvA3cqUCc,
Physique,Quantique,Proton,530,1,non,non,11/04/2021,,,Formation,mp4,1,1,2,,,,oui,oui,oui,oui,non,https://youtu.be/p5wwgfq0HD8,
Physique,Nucléaire,Radioactif,531,4,non,non,11/04/2021,,,Formation,mp4,1,1,2,,,,oui,oui,oui,oui,non,https://youtu.be/0u06vyidIzw,
Physique,Nucléaire,Radioprotection,532,1,non,non,11/04/2021,,,Formation,mp4,1,1,2,,,,oui,oui,oui,oui,non,https://youtu.be/O2D7YgcCWXA,
Environnement,Agronomie,Macération du vin,533,1,non ,oui,02/02/2025,,,Séminaire,mp4,1,1,2,,,,Oui,oui,oui,oui,,https://youtu.be/ESoUzUetius,
Physique,Nucléaire,Rayonnement ionisant,534,1,non,non,11/04/2021,,,Formation,mp4,1,1,2,,,,oui,oui,oui,oui,non,https://youtu.be/JVZSx8YvLvg,
Physique,Nucléaire,Réaction en chaîne,535,1,non,non,11/04/2021,,,Formation,mp4,1,1,2,,,,oui,oui,oui,oui,non,https://youtu.be/8Vf5XSDsPmk,
Physique,Thermodynamique,Réaction endothermique,536,1,non,non,11/04/2021,,,Formation,mp4,1,1,2,,,,oui,oui,oui,oui,non,https://youtu.be/AOErteeApvo,
Physique,Thermodynamique,Réaction exothermique,537,1,non,non,11/04/2021,,,Formation,mp4,1,1,2,,,,oui,oui,oui,oui,non,https://youtu.be/ortykuBIrHM,
Physique,Nucléaire,Redondance,538,1,non,non,11/04/2021,,,Formation,mp4,1,1,2,,,,oui,oui,oui,oui,non,https://youtu.be/0VXfbZ0MjoA,
Physique,Classique,Rendement,539,1,non,non,11/04/2021,,,Formation,mp4,1,1,2,,,,oui,oui,oui,oui,non,https://youtu.be/4Cn4DJI30dU,
Physique,Thermodynamique,Réversible ,540,1,non,non,11/04/2021,,,Formation,mp4,1,1,2,,,,oui,oui,oui,oui,non,https://youtu.be/HXbEiixTclQ,
Physique,Electronique,Rotor,541,1,non,non,11/04/2021,,,Formation,mp4,1,1,2,,,,oui,oui,oui,oui,non,https://youtu.be/KR2sj2JRmsQ,
Physique,Nucléaire,Sievert,542,1,non,non,11/04/2021,,,Formation,mp4,1,1,2,,,,oui,oui,oui,oui,non,https://youtu.be/7ORauhOCifk,
Physique,Electronique,Spires,543,1,non,non,11/04/2021,,,Formation,mp4,1,1,2,,,,oui,oui,oui,oui,non,https://youtu.be/jlbfvS68h5o,
Physique,Nucléaire,Stable,544,1,non,non,11/04/2021,,,Formation,mp4,1,1,2,,,,oui,oui,oui,oui,non,https://youtu.be/aGwWAMG56nQ,
Physique,Electronique,Stator,545,1,non,non,11/04/2021,,,Formation,mp4,1,1,2,,,,oui,oui,oui,oui,non,https://youtu.be/ut4f2JHuzck,
Physique,Nucléaire,Stockage,546,1,non,non,11/04/2021,,,Formation,mp4,1,1,2,,,,oui,oui,oui,oui,non,https://youtu.be/kSY8aRLS-ho,
Chimie,Générale,Tableau periodique,547,3,non,non,11/04/2021,,,Formation,mp4,1,1,2,,,,oui,oui,oui,oui,non,https://youtu.be/A8V17-UF0tE,
Physique,Electronique,Tension,548,1,non,non,11/04/2021,,,Formation,mp4,1,1,2,,,,oui,oui,oui,oui,non,https://youtu.be/YrdGakj3ka4,
Physique,Thermodynamique,Thermodynamique,549,1,non,non,11/04/2021,,,Formation,mp4,1,1,2,,,,oui,oui,oui,oui,non,https://youtu.be/rBJ6pguLn3w,
Physique,Electronique,Transformateur,550,1,non,non,11/04/2021,,,Formation,mp4,1,1,2,,,,oui,oui,oui,oui,non,https://youtu.be/TSWJZEs_9UY,
Physique,Electronique,Turbine,551,1,non,non,11/04/2021,,,Formation,mp4,1,1,2,,,,oui,oui,oui,oui,non,https://youtu.be/MtLv2RKutBA,
Physique,Nucléaire,Uranium 235/238,552,1,non,non,11/04/2021,,,Formation,mp4,1,1,2,,,,oui,oui,oui,oui,non,https://youtu.be/zmfk2HEX6Lk,
Physique,Nucléaire,Uranium ,553,1,non,non,11/04/2021,,,Formation,mp4,1,1,2,,,,oui,oui,oui,oui,non,https://youtu.be/MPiC4g_N7W4,
Physique,Nucléaire,Vallée de stabilité,554,1,non,non,11/04/2021,,,Formation,mp4,1,1,2,,,,oui,oui,oui,oui,non,https://youtu.be/A5xBSPgm3zI,
Physique,Nucléaire,Irradiation,555,2,non,non,11/04/2021,,,Formation,mp4,1,1,2,,,,oui,oui,oui,oui,non,https://youtu.be/BlvTMNE551Y,
Physique,Nucléaire,Contamination,556,2,non,non,11/04/2021,,,Formation,mp4,1,1,2,,,,oui,oui,oui,oui,non,https://youtu.be/0pWZpKa3uVA,
Physique,Nucléaire,Contamination,557,3,non,non,11/04/2021,,,Formation,mp4,1,1,2,,,,oui,oui,oui,oui,non,https://youtu.be/ewvtNYcq2ig,
Physique,Nucléaire,Rayonnement,558,1,non,non,11/04/2021,,,Formation,mp4,1,1,2,,,,oui,oui,oui,oui,non,https://youtu.be/7Lqe1dCf5TQ,
Physique,Nucléaire,Rayonnement alpha,559,1,non,non,11/04/2021,,,Formation,mp4,1,1,2,,,,oui,oui,oui,oui,non,https://youtu.be/Oz3w0W5ZD0k,
Physique,Nucléaire,Rayonnement bêta,560,1,non,non,11/04/2021,,,Formation,mp4,1,1,2,,,,oui,oui,oui,oui,non,https://youtu.be/cBtcMOrtGjE,
Physique,Nucléaire,Rayonnement bêta,561,2,non,non,11/04/2021,,,Formation,mp4,1,1,2,,,,oui,oui,oui,oui,non,https://youtu.be/ttBejQbi2wA,
Physique,Nucléaire,Rayonnement gamma,562,1,non,non,11/04/2021,,,Formation,mp4,1,1,2,,,,oui,oui,oui,oui,non,https://youtu.be/MkAS-zftOnw,
Sciences de la Vie,Biologie Marine,Crevette,563,1,non,non,19/04/2021,,,Groupe de travail,mov,1,1,2,,,,oui,oui,oui,oui,non,https://youtu.be/E4OvkUU9i3Q,
Sciences de la Vie,Biologie Marine,Ecrevisse,564,1,non,non,19/04/2021,,,Groupe de travail,mov,1,1,2,,,,oui,oui,oui,oui,non,https://youtu.be/1AL_57Z-sS0,
Sciences de la Vie,Biologie Marine,Gambas,565,1,non,non,19/04/2021,,,Groupe de travail,mov,1,1,2,,,,oui,oui,oui,oui,,https://youtu.be/yO1Sf5nloow,
Sciences de la Vie,Biologie Marine,Homard,566,1,non,non,19/04/2021,,,Groupe de travail,mov,1,1,2,,,,oui,oui,oui,oui,,https://youtu.be/mdpDg9RxqL4,
Sciences de la Vie,Biologie Marine,Krill,567,1,non,non,19/04/2021,,,Groupe de travail,mov,1,1,2,,,,oui,oui,oui,oui,,https://youtu.be/XDQjAb-OvSo,
Sciences de la Vie,Biologie Marine,Langouste,568,1,non,non,19/04/2021,,,Groupe de travail,mov,1,1,2,,,,oui,oui,oui,oui,,https://youtu.be/Iz9duA0YXB8,
Sciences de la Vie,Biologie Marine,Langoustine,569,1,non,non,19/04/2021,,,Groupe de travail,mov,1,1,2,,,,oui,oui,oui,oui,,https://youtu.be/tWJ13P_-Hg0,
Environnement,Géologie,Glacier,570,1,oui,non,25/04/2021,,,Atelier,mp4,1,1,2,,,,oui,oui,oui,oui,non,https://youtu.be/ZP7xIRTCxKo,
Environnement,Géologie,Banquise,571,1,oui,oui,25/04/2021,,,Atelier,mp4,1,1,2,,,,oui,oui,oui,oui,non,https://youtu.be/qyJhYl4s71M,
Environnement,Géologie,Calotte glaciaire,572,1,oui,oui,25/04/2021,,,Atelier,mp4,1,1,2,,,,oui,oui,oui,oui,non,https://youtu.be/9lNfCXtB3e8,
Environnement,Géologie,Crue,573,1,non,non,25/04/2021,,,Atelier,mp4,1,1,2,,,,oui,oui,oui,oui,non,https://youtu.be/YTxe_egwiHc,
Environnement,Géologie,Submersion,574,1,non,non,25/04/2021,,,Atelier,mp4,1,1,2,Refait par STIM x,,,oui,oui,oui,oui,non,https://youtu.be/dgpqlQ9-NAw,
Environnement,Agronomie,Agro-foresterie,575,1,oui,oui,25/04/2021,,,Atelier,mp4,1,1,2,,,,oui,oui,oui,oui,non,https://youtu.be/qpWk6hdRzfY,
Environnement,Ecologie,Parasite ,576,2,oui,non,25/04/2021,,,Atelier,mp4,1,1,2,,,,oui,oui,oui,oui,non,https://youtu.be/O_uCxuLqRpg,
Sciences de la Vie,Génétique,Méiose,577,1,oui,non,07/10/2021,,,Groupe de travail,m4v,1,1,2,,,,oui,oui,oui,oui,oui,https://youtu.be/6UQsPcNSaAg,
Sciences de la Vie,Génétique,Méiose,578,2,oui,non,07/10/2021,,,Groupe de travail,m4v,1,1,2,,,,oui,oui,oui,oui,oui,https://youtu.be/nIC7Fw2oJis,
Sciences de la Vie,Cellulaire,Gamète,579,1,non,non,07/10/2021,,,Groupe de travail,m4v,1,1,2,,,,oui,oui,oui,oui,non,https://youtu.be/r6guKwEp8d0,
Sciences de la Vie,Microbiologie,Immunodéficience,580,1,oui,non,07/10/2021,,,Groupe de travail,mov,1,1,2,,,,oui,oui,oui,oui,oui,https://youtu.be/y8EEVTi8GDI,
Sciences de la Vie,Microbiologie,Infection,581,1,oui,non,07/10/2021,,,Groupe de travail,mov,1,1,2,,,,oui,oui,oui,oui,oui,https://youtu.be/ZFSRQQXc0gQ,
Sciences de la Vie,Microbiologie,Lymphocyte B,582,1,oui,non,22/11/2021,,,Groupe de travail,mp4,1,1,2,"signe dans la seule vidéo ""anticorps"", lien : https://drive.google.com/file/d/11BWZx9vFtXVA-2GN6BuZLLq7p2DfpmcP/view?usp=sharing ",,,oui,oui,oui,oui,oui,https://youtu.be/4Ig2hCqmVxE,
Sciences de la Vie,Microbiologie,Plasmocyte,583,1,oui,non,22/11/2021,,,Groupe de travail,mp4,1,1,2,"signe dans la seule vidéo ""anticorps"", lien : https://drive.google.com/file/d/11BWZx9vFtXVA-2GN6BuZLLq7p2DfpmcP/view?usp=sharing ",,,non,oui,oui,oui,oui,https://youtu.be/aTn23ZwtEc0,
Sciences de la Vie,Microbiologie,Anticorps circulant,584,1,oui,non,22/11/2021,,,Groupe de travail,mp4,1,1,2,,,,non,oui,oui,oui,oui,https://youtu.be/H-VTjYMnAEE,
Sciences de la Vie,Microbiologie,Complexe immun,585,1,oui,non,22/11/2021,,,Groupe de travail,mp4,1,1,2,,,,non,oui,oui,oui,oui,https://youtu.be/JrdWMz7e_Vk,
Environnement,Géologie,Asthénosphère,586,1,non,non,26/11/2021,,,Formation,mp4,1,1,2,,,,oui,oui,oui,oui,non,https://youtu.be/Yza1rKhNGkg,
Environnement,Géologie,Lithosphère,587,1,non,non,26/11/2021,,,Formation,mp4,1,1,2,,,,oui,oui,oui,oui,non,https://youtu.be/LWwFECRM_GI,
Environnement,Géologie,Rift,588,1,non,non,26/11/2021,,,Formation,mp4,1,1,2,,,,oui,oui,oui,oui,non,https://youtu.be/tM8wmlb1FZM,
Environnement,Géologie,Dorsale océnanique,589,1,non,non,26/11/2021,,,Formation,mp4,1,1,2,,,,oui,oui,oui,oui,non,https://youtu.be/f-DxGN_n66U,
Environnement,Géologie,Chaîne intracontinentale,590,1,non,non,26/11/2021,,,Formation,mp4,1,1,2,,,,oui,oui,oui,oui,non,https://youtu.be/AH2LWfOP9RA,
Environnement,Géologie,Croûte terrestre,591,1,non,non,26/11/2021,,,Formation,mp4,1,1,2,,,,oui,oui,oui,oui,non,https://youtu.be/S_MmuzbhHao,
Environnement,Ecologie,Chaîne alimentaire,592,1,non,non,26/11/2021,,,Formation,mp4,1,1,2,,,,oui,oui,oui,oui,non,https://youtu.be/tZh104kOs9c,
Environnement,Géologie,Sédiment,593,2,non,non,26/11/2021,,,Formation,mp4,1,1,2,,,,oui,oui,oui,oui,non,https://youtu.be/8XgbwICKplQ,
Environnement,Géologie,Sédiment,594,3,non,non,26/11/2021,,,Formation,mp4,1,1,2,,,,oui,oui,oui,oui,non,https://youtu.be/tbIsz-N0eWM,
Environnement,Géologie,Séisme,595,1,non,non,26/11/2021,,,Formation,mp4,1,1,2,,,,oui,oui,oui,oui,non,https://youtu.be/raMfPfaH6Nk,
Environnement,Géologie,Volcan,596,1,non,non,26/11/2021,,,Formation,mp4,1,1,2,,,,oui,oui,oui,oui,non,https://youtu.be/IUGrGUFUHVY,
Environnement,Géologie,Noyau Terrestre,597,1,non,non,26/11/2021,,,Formation,mp4,1,1,2,Refait par STIM x,,,oui,oui,oui,oui,non,https://youtu.be/suCREyq7yNk,
Environnement,Géologie,Manteau Terrestre,598,1,non,non,26/11/2021,,,Formation,mp4,1,1,2,,,,oui,oui,oui,oui,non,https://youtu.be/Rsx1Txx2GZ8,
Environnement,Ecologie,Environnement,599,1,non,non,26/11/2021,,,Formation,mp4,1,1,2,,,,oui,oui,oui,oui,non,https://youtu.be/qwYtpZsuDlg,
Chimie,Générale,Charge,600,1,non,non,26/11/2021,,,Formation,mp4,1,1,2,,,,oui,oui,oui,oui,non,https://youtu.be/9gBovMBNyVE,
Chimie,Analytique,Concentration molaire,601,1,non,non,26/11/2021,,,Formation,mp4,1,1,2,,,,oui,oui,oui,oui,non,https://youtu.be/mB_x09nvrqs,
Physique,Quantique,Couche de valence,602,1,non,non,26/11/2021,,,Formation,mp4,1,1,2,,,,oui,oui,oui,oui,non,https://youtu.be/znm0VhQBTvE,
Physique,Quantique,Couches électroniques,603,1,non,non,26/11/2021,,,Formation,mp4,1,1,2,,,,oui,oui,oui,oui,non,https://youtu.be/WP2dwc0h5iU,
Chimie,Générale,Dissolution,604,1,non,non,26/11/2021,,,Formation,mp4,1,1,2,,,,oui,oui,oui,oui,non,https://youtu.be/zftdl2Z3axc,
Chimie,Générale,Elément,605,1,non,non,26/11/2021,,,Formation,mp4,1,1,2,,,,oui,oui,oui,oui,non,https://youtu.be/0Urpzrd2EQY,
Physique,Quantique,Gain d'électron,606,1,non,non,26/11/2021,,,Formation,mp4,1,1,2,,,,oui,oui,oui,oui,non,https://youtu.be/ldpU26-Rd5M,
Chimie,Générale,Mole,607,1,non,non,26/11/2021,,,Formation,mp4,1,1,2,,,,oui,oui,oui,oui,non,https://youtu.be/GuFoB_BtH34,
Chimie,Générale,Oxydant,608,1,non,non,26/11/2021,,,Formation,mp4,1,1,2,,,,oui,oui,oui,oui,non,https://youtu.be/6G_aQejqvE4,
Chimie,Générale,Oxydo-réduction,609,2,non,non,26/11/2021,,,Formation,mp4,1,1,2,,,,oui,oui,oui,oui,non,https://youtu.be/LnTs60u68EQ,
Physique,Quantique,Perte d'électron,610,1,non,non,26/11/2021,,,Formation,mp4,1,1,2,,,,oui,oui,oui,oui,non,https://youtu.be/iz02SqTCAI4,
Chimie,Générale,Réaction chimique,611,1,non,non,26/11/2021,,,Formation,mp4,1,1,2,,,,oui,oui,oui,oui,non,https://youtu.be/QqD87b6sf1w,
Chimie,Générale,Réducteur,612,1,non,non,26/11/2021,,,Formation,mp4,1,1,2,,,,oui,oui,oui,oui,non,https://youtu.be/cr0mMGdTyZY,
Chimie,Générale,Soluté,613,2,non,non,26/11/2021,,,Formation,mp4,1,1,2,,,,oui,oui,oui,oui,non,https://youtu.be/fI-tIgyMiAw,
Chimie,Générale,Solution,614,1,non,non,26/11/2021,,,Formation,mp4,1,1,2,,,,oui,oui,oui,oui,non,https://youtu.be/q3jiSJgOAWY,
Chimie,Générale,Solvant,615,1,non,non,26/11/2021,,,Formation,mp4,1,1,2,,,,oui,oui,oui,oui,non,https://youtu.be/Q29Ncketq9c,
Physique,Classique,Absorption,616,1,non,non,26/11/2021,,,Formation,mp4,1,1,2,,,,oui,oui,oui,oui,non,https://youtu.be/qtyQhBGSibg,
Physique,Mécanique  ,Accélération,617,1,non,non,26/11/2021,,,Formation,mp4,1,1,2,,,,oui,oui,oui,oui,non,https://youtu.be/-B3otCGT9xc,
Physique,Mécanique  ,Amplitude,618,1,non,non,26/11/2021,,,Formation,mp4,1,1,2,,,,oui,oui,oui,oui,non,https://youtu.be/d-72zYA_Ea4,
Physique,Thermodynamique,Condensation liquide,619,1,non,non,26/11/2021,,,Formation,mp4,1,1,2,,,,oui,oui,oui,oui,non,https://youtu.be/abE6fyTjORU,
Physique,Thermodynamique,Condensation solide,620,1,non,non,26/11/2021,,,Formation,mp4,1,1,2,,,,oui,oui,oui,oui,non,https://youtu.be/huUmcn6sKG0,
Physique,Thermodynamique,Conduction,621,1,non,non,26/11/2021,,,Formation,mp4,1,1,2,,,,oui,oui,oui,oui,non,https://youtu.be/2Djf2zcqxMA,
Physique,Thermodynamique,Convection,622,1,non,non,26/11/2021,,,Formation,mp4,1,1,2,,,,oui,oui,oui,oui,non,https://youtu.be/92h7gKZI420,
Physique,Mécanique  ,Couple,623,1,non,non,26/11/2021,,,Formation,mp4,1,1,2,,,,oui,oui,oui,oui,non,https://youtu.be/TW3XiyGIE0U,
Physique,Classique,Débit ,624,1,non,non,26/11/2021,,,Formation,mp4,1,1,2,,,,oui,oui,oui,oui,non,https://youtu.be/BdA1_u5bGW8,
Physique,Optique,Diffraction,625,1,non,non,26/11/2021,,,Formation,mp4,1,1,2,,,,oui,oui,oui,oui,non,https://youtu.be/KJojFnqdoTc,
Physique,Optique,Diffusion,626,1,non,non,26/11/2021,,,Formation,mp4,1,1,2,,,,oui,oui,oui,oui,non,https://youtu.be/Ez9G71ozVsA,
Physique,Electronique,Dissipation,627,1,non,non,26/11/2021,,,Formation,mp4,1,1,2,,,,oui,oui,oui,oui,non,https://youtu.be/LGnvYRBKJWo,
Physique,Classique,Force,628,1,non,non,26/11/2021,,,Formation,mp4,1,1,2,,,,oui,oui,oui,oui,non,https://youtu.be/BdB3jJwIx2c,
Physique,Electronique,Générateur,629,1,non,non,26/11/2021,,,Formation,mp4,1,1,2,,,,oui,oui,oui,oui,non,https://youtu.be/WLiq0flpYio,
Physique,Classique,Gravité,630,1,non,non,26/11/2021,,,Formation,mp4,1,1,2,,,,oui,oui,oui,oui,non,https://youtu.be/0j3hkZg-iTw,
Physique,Mécanique  ,Inertie,631,1,non,non,26/11/2021,,,Formation,mp4,1,1,2,,,,oui,oui,oui,oui,non,https://youtu.be/zGK0oP7cZJA,
Physique,Optique,Longueur d'onde,632,1,non,non,26/11/2021,,,Formation,mp4,1,1,2,,,,oui,oui,oui,oui,non,https://youtu.be/XCbdoI_pXdA,
Physique,Classique,Masse,633,1,non,non,26/11/2021,,,Formation,mp4,1,1,2,,,,oui,oui,oui,oui,non,https://youtu.be/A0NcDik9zXM,
Physique,Classique,Mouvement,634,1,non,non,26/11/2021,,,Formation,mp4,1,1,2,,,,oui,oui,oui,oui,non,https://youtu.be/j_HFsUkadIM,
Physique,Classique,Onde électromagnétique,635,1,non,non,26/11/2021,,,Formation,mp4,1,1,2,,,,oui,oui,oui,oui,non,https://youtu.be/VPcDb_htAz4,
Physique,Mécanique  ,Onde mécanique,636,1,non,non,26/11/2021,,,Formation,mp4,1,1,2,,,,oui,oui,oui,oui,non,https://youtu.be/YJfiYxUKD-8,
Physique,Optique,Onde,637,1,non,non,26/11/2021,,,Formation,mp4,1,1,2,,,,oui,oui,oui,oui,non,https://youtu.be/BqxDvBV_V5w,
Physique,Mécanique  ,Période,638,1,non,non,26/11/2021,,,Formation,mp4,1,1,2,,,,oui,oui,oui,oui,non,https://youtu.be/AOtwr6bhL0Y,
Physique,Mécanique  ,Poids,639,1,non,non,26/11/2021,,,Formation,mp4,1,1,2,,,,oui,oui,oui,oui,non,https://youtu.be/Aus3C2vJS7Y,
Physique,Mécanique  ,Position,640,1,non,non,26/11/2021,,,Formation,mp4,1,1,2,,,,oui,oui,oui,oui,non,https://youtu.be/xryuXSFyY3E,
Physique,Classique,Puissance,641,1,non,non,26/11/2021,,,Formation,mp4,1,1,2,,,,oui,oui,oui,oui,non,https://youtu.be/caHVM22VcVc,
Physique,Thermodynamique,Rayonnement thermique,642,1,non,non,26/11/2021,,,Formation,mp4,1,1,2,,,,oui,oui,oui,oui,non,https://youtu.be/yrKbICi9aRM,
Physique,Optique,Réflexion,643,1,non,non,26/11/2021,,,Formation,mp4,1,1,2,,,,oui,oui,oui,oui,non,https://youtu.be/T0vcQFCtkNw,
Physique,Optique,Réfraction,644,1,non,non,26/11/2021,,,Formation,mp4,1,1,2,,,,oui,oui,oui,oui,non,https://youtu.be/x61dFNkiH5I,
Physique,Thermodynamique,Solidification,645,1,non,non,26/11/2021,,,Formation,mp4,1,1,2,,,,oui,oui,oui,oui,non,https://youtu.be/ZTK-4XRvla0,
Physique,Thermodynamique,Sublimation,646,1,non,non,26/11/2021,,,Formation,mp4,1,1,2,,,,oui,oui,oui,oui,non,https://youtu.be/PPoDlI0bqxg,
Physique,Electronique,Tension,647,2,non,non,26/11/2021,,,Formation,mp4,1,1,2,,,,oui,oui,oui,oui,non,https://youtu.be/PTP_3QO-lGU,
Physique,Mécanique  ,Travail d'une force,648,2,non,non,26/11/2021,,,Formation,mp4,1,1,2,,,,oui,oui,oui,oui,non,https://youtu.be/uQiBAZqNtfA,
Physique,Thermodynamique,Vaporisation,649,1,non,non,26/11/2021,,,Formation,mp4,1,1,2,,,,oui,oui,oui,oui,non,https://youtu.be/bRTBVCiK1yQ,
Physique,Mécanique  ,Vitesse,650,1,non,non,26/11/2021,,,Formation,mp4,1,1,2,,,,oui,oui,oui,oui,non,https://youtu.be/qWXuGwF4pEU,
Physique,Mécanique  ,Contrainte,651,1,non,non,26/11/2021,,,Formation,mp4,1,1,2,,,,oui,oui,oui,oui,non,https://youtu.be/ImFCweU4jgE,
Technologie,Mécanique industrielle,Ferraillage,652,1,non,non,26/11/2021,,,Formation,mp4,1,1,2,,,,oui,oui,oui,oui,non,https://youtu.be/KNUBjpWN2Xo,
Physique,Thermodynamique,Inertie,653,2,non,non,26/11/2021,,,Formation,mp4,1,1,2,,,,oui,oui,oui,oui,non,https://youtu.be/JW8TW4B1j7Q,
Mathématiques,Analyse,Intégrale,654,1,non,non,26/11/2021,,,Formation,mp4,1,1,2,,,,oui,oui,oui,oui,non,https://youtu.be/nW0WHpsZxOo,
Technologie,Métrologie,Unité du système international,655,1,non,non,26/11/2021,,,Formation,mp4,1,1,2,,,,oui,oui,oui,oui,non,https://youtu.be/iyfc8z3SZ8E,
Technologie,Mécanique industrielle,Ebauche,656,1,non,non,26/11/2021,,,Formation,mp4,1,1,2,,,,oui,oui,oui,oui,non,https://youtu.be/pmBef3_fEMg,
Technologie,Mécanique industrielle,Esquisse,657,1,non,non,26/11/2021,,,Formation,mp4,1,1,2,,,,oui,oui,oui,oui,non,https://youtu.be/yEo-diKDtig,
Technologie,Mécanique industrielle,Epure,658,1,non,non,26/11/2021,,,Formation,mp4,1,1,2,,,,oui,oui,oui,oui,non,https://youtu.be/soR9m22keqk,
Technologie,Mécanique industrielle,Schéma,659,1,non,non,26/11/2021,,,Formation,mp4,1,1,2,,,,oui,oui,oui,oui,non,https://youtu.be/kYbsdSn3BB8,
Technologie,Mécanique industrielle,Croquis,660,1,non,non,26/11/2021,,,Formation,mp4,1,1,2,,,,oui,oui,oui,oui,non,https://youtu.be/Q_M5XXAxO80,
Technologie,Métrologie,Echelle,661,1,non,non,26/11/2021,,,Formation,mp4,1,1,2,,,,oui,oui,oui,oui,non,https://youtu.be/JIFethFc6XU,
Technologie,Mécanique industrielle,Matériau ductile,662,1,non,non,26/11/2021,,,Formation,mp4,1,1,2,,,,oui,oui,oui,oui,non,https://youtu.be/ZKH6IRrfyCc,
Technologie,Mécanique industrielle,Matériau fragile,663,1,non,non,26/11/2021,,,Formation,mp4,1,1,2,,,,oui,oui,oui,oui,non,https://youtu.be/Le6Nodfpxro,
Technologie,Mécanique industrielle,Matériau élastique,664,1,non,non,26/11/2021,,,Formation,mp4,1,1,2,,,,oui,oui,oui,oui,non,https://youtu.be/nbiwULlW1kA,
Technologie,Mécanique industrielle,Matériau plastique,665,1,non,non,26/11/2021,,,Formation,mp4,1,1,2,,,,oui,oui,oui,oui,non,https://youtu.be/DJZM21VLttU,
Technologie,Métrologie,Ordre de grandeur,666,1,non,non,26/11/2021,,,Formation,mp4,1,1,2,,,,oui,oui,oui,oui,non,https://youtu.be/rmz24prrSQE,
Mathématiques,Géométrie,Rayon,667,1,non,non,26/11/2021,,,Formation,mp4,1,1,2,,,,oui,oui,oui,oui,non,https://youtu.be/PKIJ4hcDxak,
Mathématiques,Géométrie,Volume,668,1,non,non,26/11/2021,,,Formation,mp4,1,1,2,,,,oui,oui,oui,oui,non,https://youtu.be/V7LxPx8atKw,
Sciences de la Vie,Microbiologie,Bactérie,669,3,oui,non,04/12/2021,,,Séminaire,mp4,1,1,2,,,,oui,oui,oui,oui,non,https://youtu.be/awzRaVzHUpE,
Environnement,Ecologie,Homo Sapiens,670,1,oui,non,04/12/2021,,,Séminaire,mp4,1,1,2,,,,oui,oui,oui,oui,non,https://youtu.be/56_hbHJ4oUk,
Environnement,Ecologie,Homo Sapiens,671,2,non,non,04/12/2021,,,Séminaire,mp4,1,1,2,Explication identique au 1er signe,,,oui,oui,oui,oui,non,https://youtu.be/W34l69A7NRI,
Environnement,Ecologie,Homo Erectus,672,1,oui,non,04/12/2021,,,Séminaire,mp4,1,1,2,,,,oui,oui,oui,oui,non,https://youtu.be/OKI2hFByxhY,
Environnement,Ecologie,Homme de Néandertal,673,1,oui,non,04/12/2021,,,Séminaire,mp4,1,1,2,info à vérifier ? (Lucas),,,oui,oui,oui,oui,non,https://youtu.be/UjZeXVztPEQ,
Environnement,Ecologie,Félins,674,1,oui,non,04/12/2021,,,Séminaire,mp4,1,1,2,,,,oui,oui,oui,oui,non,https://youtu.be/RME4KLZCaGU,
Environnement,Ecologie,Darwin,675,1,oui,non,04/12/2021,,,Séminaire,mp4,1,1,2,,,,oui,oui,oui,oui,non,https://youtu.be/wa32PRymKIU,
Environnement,Ecologie,Guépard,676,1,oui,non,04/12/2021,,,Séminaire,mp4,1,1,2,,,,oui,oui,oui,oui,non,https://youtu.be/05dDz_-wRf4,
Environnement,Ecologie,Lion,677,1,oui,non,04/12/2021,,,Séminaire,mp4,1,1,2,,,,oui,oui,oui,oui,non,https://youtu.be/Ikjy5srXPt0,
Environnement,Ecologie,Tigre,678,1,oui,non,04/12/2021,,,Séminaire,mp4,1,1,2,,,,oui,oui,oui,oui,non,https://youtu.be/YT1aa7rhr2o,
Environnement,Ecologie,Tigre,679,2,oui,non,04/12/2021,,,Séminaire,mp4,1,1,2,,,,oui,oui,oui,oui,non,https://youtu.be/ymXshDT48mg,
Environnement,Ecologie,Léopard  ,680,1,oui,non,04/12/2021,,,Séminaire,mp4,1,1,2,,,,oui,oui,oui,oui,non,https://youtu.be/SGJ6HNWkAsw,
Sciences de la Vie,Microbiologie,Fermentation,681,1,oui,non,04/12/2021,,,Séminaire,mp4,1,1,2,,,,oui,oui,oui,oui,non,https://youtu.be/jHFkVm-SBss,
Environnement,Ecologie,Jaguar,682,1,oui,non,04/12/2021,,,Séminaire,mp4,1,1,2,,,,oui,oui,oui,oui,non,https://youtu.be/e2N8yAQ9JRQ,
Environnement,Ecologie,Panthère,683,1,oui,non,04/12/2021,,,Séminaire,mp4,1,1,2,,,,oui,oui,oui,oui,non,https://youtu.be/C-vos_AYe3Q,
Environnement,Ecologie,Panthère nébuleuse,684,1,oui,non,04/12/2021,,,Séminaire,mp4,1,1,2,,,,oui,oui,oui,oui,non,https://youtu.be/WbmZI-8uNyg,
Technologie,Métrologie,Dosimètre,685,1,oui,non,04/12/2021,,,Séminaire,mov,1,1,2,,,,oui,oui,oui,oui,non,https://youtu.be/2N1m_2myGA4,
Physique,Nucléaire,Boite à gants,686,1,oui,non,04/12/2021,,,Séminaire,mp4,1,1,2,,,,oui,oui,oui,oui,non,https://youtu.be/3nfgNFaH2cU,
Physique,Nucléaire,Démantèlement,687,1,oui,non,04/12/2021,,,Séminaire,mp4,1,1,2,ràs,,,oui,oui,oui,oui,non,https://youtu.be/hA8N1J2NCCM,
Physique,Nucléaire,Annihilation,688,1,oui,non,04/12/2021,,,Séminaire,mp4,1,1,2,,,,oui,oui,oui,oui,non,https://youtu.be/msGG0QcX8nk,
Physique,Nucléaire,Gamma,689,1,oui,non,04/12/2021,,,Séminaire,mp4,1,1,2,,,,oui,oui,oui,oui,non,https://youtu.be/p9h5XFLCNBQ,
Physique,Nucléaire,Combustible nucléaire,690,1,oui,non,04/12/2021,,,Séminaire,mp4,1,1,2,,,,oui,oui,oui,oui,non,https://youtu.be/RJoCuBsZHmQ,
Physique,Thermodynamique,Combustible  ,691,2,oui,non,04/12/2021,,,Séminaire,mp4,1,1,2,,,,oui,oui,oui,oui,non,https://youtu.be/7dDxKm2YShU,
Physique,Nucléaire,Comptage,692,1,oui,non,04/12/2021,,,Séminaire,mp4,1,1,2,,,,oui,oui,oui,oui,non,https://youtu.be/lmdSvPDLh-s,
Chimie,Générale,Corrosion,693,2,oui,non,04/12/2021,,,Séminaire,mp4,1,1,2,,,,oui,oui,oui,oui,non,https://youtu.be/yIElMwXzRug,
Chimie,Générale,Corrosif,694,1,oui,non,04/12/2021,,,Séminaire,mp4,1,1,2,,,,oui,oui,oui,oui,non,https://youtu.be/hucZiqOAZkc,
Physique,Astronomie,Météorite,695,1,oui,non,04/12/2021,,,Séminaire,mp4,1,1,2,,,,oui,oui,oui,oui,non,https://youtu.be/CfpyjdRJh8Y,
Physique,Nucléaire,Criticité,696,1,oui,non,04/12/2021,,,Séminaire,mp4,1,1,2,,,,oui,oui,oui,oui,non,https://youtu.be/UvYIIvtpwZk,
Physique,Astronomie,Comète,697,1,oui,non,04/12/2021,,,Séminaire,mp4,1,1,2,,,,oui,oui,oui,oui,non,https://youtu.be/rkcRsp0QIIc,
Mathématiques,Analyse,Dénominateur,698,2,non,non,05/12/2021,,,Séminaire,mp4,1,1,2,1 vidéo - 2 signes,,,oui,oui,oui,oui,non,https://youtu.be/2Mb5SuXJc5s,
Physique,Nucléaire,Tritium,699,1,oui,non,05/12/2021,,,Séminaire,mp4,1,1,2,,,,oui,oui,oui,oui,non,https://youtu.be/bdcMRSze9OY,
Santé,Anatomie,Cardia,700,1,oui,non,05/12/2021,,,Séminaire,mp4,1,1,2,,,,oui,oui,oui,oui,non,https://youtu.be/atM-MITfn68,
Physique,Astronomie,Astéroide,701,1,oui,non,05/12/2021,,,Séminaire,mp4,1,1,2,,,,oui,oui,oui,oui,non,https://youtu.be/rUYxtY1m6XQ,
Physique,Astronomie,Constellation,702,1,oui,non,05/12/2021,,,Séminaire,mp4,1,1,2,,,,oui,oui,oui,oui,non,https://youtu.be/7mdSGKQtX0k,
Physique,Astronomie,Trou noir,703,1,oui,non,05/12/2021,,,Séminaire,mp4,1,1,2,,,,oui,oui,oui,oui,non,https://youtu.be/iXVLwxLIUY0,
Physique,Astronomie,Galaxie,704,1,oui,non,05/12/2021,,,Séminaire,mp4,1,1,2,,,,oui,oui,oui,oui,non,https://youtu.be/cMp5eo5r1wM,
Mathématiques,Algèbre,Vecteur,705,1,non,non,05/12/2021,,,Séminaire,mp4,1,1,2,1 vidéo - 2 signes,,,oui,oui,oui,oui,non,https://youtu.be/mNER2YaA3yQ,
Mathématiques,Raisonnement,Equivalence,706,1,oui,non,05/12/2021,,,Séminaire,mp4,1,1,2,1 vidéo / 2 signes,,,oui,oui,oui,oui,non,https://youtu.be/eOodOmyyTx4,
Mathématiques,Raisonnement,Equivalence,707,2,oui,non,05/12/2021,,,Séminaire,mp4,1,1,2,1 vidéo / 2 signes,,,oui,oui,oui,oui,non,https://youtu.be/7UXH0mkWlZc,
Mathématiques,Raisonnement,Implication,708,1,oui,non,05/12/2021,,,Séminaire,mp4,1,1,2,1 vidéo / 2 signes,,,oui,oui,oui,oui,non,https://youtu.be/00qUzuEARcc,
Mathématiques,Raisonnement,Implication,709,2,oui,non,05/12/2021,,,Séminaire,mp4,1,1,2,1 vidéo / 2 signes,,,oui,oui,oui,oui,non,https://youtu.be/RqHV-PK2_NQ,
Mathématiques,Géométrie,Parallélogramme,710,1,oui,oui,05/12/2021,,,Séminaire,mp4,1,1,2,,,,oui,oui,oui,oui,non,https://youtu.be/zItUWoRH7n8,
Mathématiques,Géométrie,Carré,711,1,oui,oui,05/12/2021,,,Séminaire,mp4,1,1,2,,,,oui,oui,oui,oui,non,https://youtu.be/rDzfPiFfb90,
Mathématiques,Géométrie,Rectangle,712,1,oui,oui,05/12/2021,,,Séminaire,mp4,1,1,2,,,,oui,oui,oui,oui,non,https://youtu.be/4nJ1UkA3Js4,
Physique,Astronomie,Amas d'étoiles,713,1,oui,non,05/12/2021,,,Séminaire,mp4,1,1,2,,,,oui,oui,oui,oui,non,https://youtu.be/3DcFdWlvsBA,
Technologie,Métrologie,Bruit de fond,714,1,oui,non,05/12/2021,,,Séminaire,mov,1,1,2,,,,oui,oui,oui,oui,non,https://youtu.be/H9PJFi6YKG8,
Technologie,Mécanique industrielle,Réacteur nucléaire,715,1,oui,non,05/12/2021,,,Séminaire,mp4,1,1,2,,,,oui,oui,oui,oui,non,https://youtu.be/SOvakdrHHnk,
Technologie,Mécanique industrielle,Tour de refroidissement,716,1,oui,non,05/12/2021,,,Séminaire,mov,1,1,2,,,,oui,oui,oui,oui,non,https://youtu.be/1B1q8Hh_0bI,
Physique,Nucléaire,Désintégration,717,1,oui,non,05/12/2021,,,Séminaire,mp4,1,1,2,,,,oui,oui,oui,oui,non,https://youtu.be/elG9TFqZRM4,
Physique,Quantique,Couches de valence,718,1,oui,non,05/12/2021,,,Séminaire,mp4,1,1,2,,,,oui,oui,oui,oui,non,https://youtu.be/G8idZBK63FQ,
Mathématiques,Algèbre,Formule,719,1,non,non,05/12/2021,,,Séminaire,mp4,1,1,2,,,,oui,oui,oui,oui,non,https://youtu.be/Cv26ebVnlJo,
Mathématiques,Algèbre,Equation,720,1,non,non,05/12/2021,,,Séminaire,mp4,1,1,2,,,,oui,oui,oui,oui,non,https://youtu.be/o1bC6Ja_J5U,
Mathématiques,Algèbre,Inéquation,721,1,oui,non,05/12/2021,,,Séminaire,mp4,1,1,2,,,,oui,oui,oui,oui,non,https://youtu.be/hJZPwfiQnRQ,
Mathématiques,Géométrie,Cube,722,1,non,non,05/12/2021,,,Séminaire,mp4,1,1,2,,,,oui,oui,oui,oui,non,https://youtu.be/8c8faPJLM7A,
Chimie,Générale,Centrifugation,723,1,oui,non,05/12/2021,,,Séminaire,mp4,1,1,2,,,,oui,oui,oui,oui,non,https://youtu.be/s-U1O_prLHI,
Chimie,Générale,Centrifugeuse,724,1,oui,non,05/12/2021,,,Séminaire,mp4,1,1,2,,,,oui,oui,oui,oui,non,https://youtu.be/VPuz-DKd8xw,
Santé,Traitements,Sage-femme,725,1,oui,non,05/12/2021,,,Séminaire,mp4,1,1,2,,,,oui,oui,oui,oui,non,https://youtu.be/nn4Ypt424TU,
Santé,Anatomie,Rate,726,1,oui,non,05/12/2021,,,Séminaire,mp4,1,1,2,,,,oui,oui,oui,oui,non,https://youtu.be/uk_weQZZM4g,
Santé,Physiologie,Suc gastrique,727,1,non,oui,05/12/2021,,,Séminaire,mp4,1,1,2,,,,oui,oui,oui,oui,non,https://youtu.be/sdP6GnH-Lz8,
Santé,Affections,Reflux gastro-oesophagien,728,1,oui,non,05/12/2021,,,Séminaire,mp4,1,1,2,,,,oui,oui,oui,oui,non,https://youtu.be/Uf1q06n-cYY,
Santé,Anatomie,Pylore,729,1,oui,non,05/12/2021,,,Séminaire,mp4,1,1,2,,,,oui,oui,oui,oui,non,https://youtu.be/27x3zRTw-gk,
Santé,Anatomie,Tendon,730,1,oui,non,05/12/2021,,,Séminaire,mp4,1,1,2,,,,oui,oui,oui,oui,non,https://youtu.be/7dE219kqFw0,
Santé,Anatomie,Ligament,731,1,oui,non,05/12/2021,,,Séminaire,mp4,1,1,2,,,,oui,oui,oui,oui,non,https://youtu.be/96D1y_UCuAQ,
Mathématiques,Analyse,Fraction,732,2,oui,non,05/12/2021,,,Séminaire,mp4,1,1,2,,,,oui,oui,oui,oui,non,https://youtu.be/IezHCOHGR-c,
Mathématiques,Analyse,Numérateur,733,1,non,non,05/12/2021,,,Séminaire,mp4,1,1,2,1 vidéo - 2 signes,,,oui,oui,oui,oui,non,https://youtu.be/peNDIKPt7IU,
Mathématiques,Analyse,Dénominateur,734,1,non,non,05/12/2021,,,Séminaire,mp4,1,1,2,1 vidéo - 2 signes,,,oui,oui,oui,oui,non,https://youtu.be/0u9dClYFR_E,
Mathématiques,Algèbre,Algèbre,735,1,oui,non,05/12/2021,,,Séminaire,mp4,1,1,2,,,,oui,oui,oui,oui,non,https://youtu.be/NG6l3M5J6xk,
Mathématiques,Arithmétique,Arithmétique,736,1,oui,non,05/12/2021,,,Séminaire,mp4,1,1,2,,,,oui,oui,oui,oui,non,https://youtu.be/SGZyz7JRWXw,
Mathématiques,Algèbre,Expression algébrique,737,1,non,non,05/12/2021,,,Séminaire,mp4,1,1,2,,,,oui,oui,oui,oui,non,https://youtu.be/LxhtJ5EumJQ,
Mathématiques,Arithmétique,Nombre,738,1,non,non,05/12/2021,,,Séminaire,mp4,1,1,2,1 vidéo - 2 signes,,,oui,oui,oui,oui,non,https://youtu.be/RzX30jkv5JY,
Mathématiques,Arithmétique,Chiffre,739,1,oui,non,05/12/2021,,,Séminaire,mp4,1,1,2,1 vidéo - 1 explication - 2 signes,,,oui,oui,oui,oui,non,https://youtu.be/9vprMd5KlCc,
Mathématiques,Géométrie,Géométrie,740,1,non,non,05/12/2021,,,Séminaire,mp4,1,1,2,,,,oui,oui,oui,oui,non,https://youtu.be/_pmXWReVvhQ,
Santé,Traitements,Euthanasie,741,1,oui,non,05/12/2021,,,Séminaire,mp4,1,1,2,,,,oui,oui,oui,oui,non,https://youtu.be/1HrnTaeJ1Y4,
Santé,Traitements,Apothicaire,742,1,oui,non,05/12/2021,,,Séminaire,mp4,1,1,2,,,,oui,oui,oui,oui,non,https://youtu.be/Mf_8y_3NvKg,
Santé,Traitements,Pharmacien,743,1,oui,non,05/12/2021,,,Séminaire,mp4,1,1,2,,,,oui,oui,oui,oui,non,https://youtu.be/Jy2aXQEXImQ,
Santé,Traitements,Serment d'Hippocrate,744,1,oui,non,05/12/2021,,,Séminaire,mp4,1,1,2,,,,oui,oui,oui,oui,non,https://youtu.be/jy5sQ6lRqZw,
Santé,Traitements,Coupe d'Hygie,745,1,oui,non,05/12/2021,,,Séminaire,mp4,1,1,2,,,,oui,oui,oui,oui,non,https://youtu.be/siKKHAi8YHo,
Physique,Astronomie,Eclipse,746,1,oui,non,05/12/2021,,,Séminaire,mp4,1,1,2,,,,oui,oui,oui,oui,non,https://youtu.be/9pV7n__W7QY,
Physique,Astronomie,Magnitude,747,1,oui,non,05/12/2021,,,Séminaire,mp4,1,1,2,,,,oui,oui,oui,oui,non,https://youtu.be/KpCw5qFpkVI,
Mathématiques,Arithmétique,Nombre,748,2,non,non,05/12/2021,,,Séminaire,mp4,1,1,2,1 vidéo - 2 signes,,,oui,oui,oui,oui,non,https://youtu.be/DMABI4xycbk,
Mathématiques,Arithmétique,Chiffre,749,2,oui,non,05/12/2021,,,Séminaire,mp4,1,1,2,1 vidéo - 1 explication - 2 signes,,,oui,oui,oui,oui,non,https://youtu.be/b666E3OLI6g,
Environnement,Géologie,Magnitude sismique,750,1,oui,non,05/12/2021,,,Séminaire,mp4,1,1,2,,,,oui,oui,oui,oui,non,https://youtu.be/z_9CEUk68MA,
Environnement,Agronomie,Maraichage,751,1,oui,non,05/12/2021,,,Séminaire,mp4,1,1,2,,,,oui,oui,oui,oui,non,https://youtu.be/0rQkrjvKYHE,
Sciences de la Vie,Microbiologie,Lacto-fermentation,752,1,non,oui,05/12/2021,,,Séminaire,mp4,1,1,2,,,,oui,oui,oui,oui,non,https://youtu.be/wxsB8P8Dglo,
Environnement,Agronomie,Engrais,753,1,non,oui,05/12/2021,,,Séminaire,mp4,1,1,2,,,,oui,oui,oui,oui,non,https://youtu.be/DnClzlGYZ9A,
Environnement,Ecologie,Chat Bengal,754,1,oui,oui,05/12/2021,,,Séminaire,mp4,1,1,2,,,,oui,oui,oui,oui,non,https://youtu.be/LDlOTd0JCRo,
Environnement,Ecologie,Maine Coon,755,1,oui,oui,05/12/2021,,,Séminaire,mp4,1,1,2,,,,oui,oui,oui,oui,non,https://youtu.be/qLzPCiqvRlo,
Environnement,Agronomie,Pépinière,756,1,oui,oui,05/12/2021,,,Séminaire,mp4,1,1,2,,,,oui,oui,oui,oui,non,https://youtu.be/pqrZEKDwXM0,
Environnement,Agronomie,Méthode Solaxe,757,1,oui,non,05/12/2021,,,Séminaire,mp4,1,1,2,,,,oui,oui,oui,oui,non,https://youtu.be/C3IMO33v8zY,
Mathématiques,Analyse,Numérateur,758,2,non,non,05/12/2021,,,Séminaire,mp4,1,1,2,1 vidéo - 2 signes,,,oui,oui,oui,oui,non,https://youtu.be/LzDRMcIb65k,
Sciences de la Vie,Génétique,Nucléotide,759,1,non,oui,29/02/2022,,,Groupe de travail,mp4,1,1,2,,,,oui,oui,oui,oui,oui,https://youtu.be/AqFPxC4ZI7M,
Sciences de la Vie,Cellulaire,Protéine,760,1,non ,oui,29/02/2022,,,Groupe de travail,mp4,1,1,2,3 signes / même explication,,,oui,oui,oui,oui,oui,https://youtu.be/xp1hCoOJvNc,
Sciences de la Vie,Cellulaire,Protéine,761,2,non ,oui,29/02/2022,,,Groupe de travail,mp4,1,1,2,3 signes / même explication,,,oui,oui,oui,oui,oui,https://youtu.be/acwlIgutPTk,
Sciences de la Vie,Génétique,Caryotype,762,1,non,oui,29/02/2022,,,Groupe de travail,mov,1,1,2,,,,oui,oui,oui,oui,oui,https://youtu.be/2YVcIPigecI,
Sciences de la Vie,Génétique,Phénotype,763,3,non,oui,29/02/2022,,,Groupe de travail,mp4,1,1,2,,,,oui,oui,oui,oui,oui,https://youtu.be/GN7sKnjZWNI,
Sciences de la Vie,Génétique,Génotype,764,2,non ,oui,29/02/2022,,,Groupe de travail,mp4,1,1,2,,,,oui,oui,oui,oui,oui,https://youtu.be/jrgMsrkgK24,
Sciences de la Vie,Génétique,Hétérozygote,765,1,non,oui,29/02/2022,,,Groupe de travail,mov,1,1,2,,,,oui,oui,oui,oui,oui,https://youtu.be/GInt1ehmKmM,
Sciences de la Vie,Génétique,Homozygote,766,1,non,oui,29/02/2022,,,Groupe de travail,mov,1,1,2,,,,oui,oui,oui,oui,oui,https://youtu.be/k7UkaIUlZ5Q,
Sciences de la Vie,Génétique,Mutation,767,1,non ,oui,29/02/2022,,,Groupe de travail,mov,1,1,2,,,,oui,oui,oui,oui,oui,https://youtu.be/j5LEJHV2un8,
Sciences de la Vie,Génétique,Mutation par insertion,768,1,non ,oui,29/02/2022,,,Groupe de travail,mov,1,1,2,,,,oui,oui,oui,oui,oui,https://youtu.be/MxwjsxUF0tA,
Sciences de la Vie,Génétique,Mutation par délétion,769,1,non ,oui,29/02/2022,,,Groupe de travail,mov,1,1,2,,,,oui,oui,oui,oui,oui,https://youtu.be/HAoLhll3yfg,
Sciences de la Vie,Génétique,Mutation par substitution,770,1,non ,oui,29/02/2022,,,Groupe de travail,mov,1,1,2,,,,oui,oui,oui,oui,oui,https://youtu.be/xwpA0VYO61I,
Mathématiques,Raisonnement,Déduire,771,1,non ,oui,29/02/2022,,,Groupe de travail,mp4,1,1,2,,,,oui,oui,oui,oui,oui,https://youtu.be/K2h5iUq0XHU,
Sciences de la Vie,Biochimie,Matière organique,772,1,non ,oui,29/02/2022,,,Groupe de travail,mp4,1,1,2,,,,oui,oui,oui,oui,oui,https://youtu.be/GgISsmEZ-CA,
Sciences de la Vie,Biochimie,Matière minérale,773,1,non,oui,29/02/2022,,,Groupe de travail,mp4,1,1,2,,,,oui,oui,oui,oui,oui,https://youtu.be/tP0tAOnp7x4,
Sciences de la Vie,Cellulaire,Parasite,774,3,non ,oui,29/02/2022,,,Groupe de travail,mp4,1,1,2,,,,oui,oui,oui,oui,oui,https://youtu.be/Lt6j_jOvdz8,
Sciences de la Vie,Cellulaire,Protéine,775,3,non ,oui,29/02/2022,,,Groupe de travail,mp4,1,1,2,3 signes / même explication,,,oui,oui,oui,oui,oui,https://youtu.be/-4OyKe9L3eY,
Sciences de la Vie,Cellulaire,Acide aminé,776,1,non ,oui,29/02/2022,,,Groupe de travail,mp4,1,1,2,,,,oui,oui,oui,oui,oui,https://youtu.be/grs4XRxr0W8,
Sciences de la Vie,Cellulaire,Structure primaire,777,1,non ,non,29/02/2022,,,Groupe de travail,mp4,1,1,2,,,,oui,oui,oui,oui,oui,https://youtu.be/Ry9hTwsn8s4,
Sciences de la Vie,Cellulaire,Structure secondaire,778,1,non,non,29/02/2022,,,Groupe de travail,mp4,1,1,2,,,,oui,oui,oui,oui,oui,https://youtu.be/leonC5ZeD6M,
Sciences de la Vie,Cellulaire,Structure tertiaire,779,1,non,non,29/02/2022,,,Groupe de travail,mp4,1,1,2,,,,oui,oui,oui,oui,oui,https://youtu.be/UF8QKvufe_U,
Sciences de la Vie,Cellulaire,Structure quartenaire,780,1,non,non,29/02/2022,,,Groupe de travail,mp4,1,1,2,,,,oui,oui,oui,oui,oui,https://youtu.be/ly9rWndcXAw,
Sciences de la Vie,Génétique,Cytosine,781,1,non,oui,29/02/2022,,,Groupe de travail,mp4,1,1,2,Refait à Lyon 10/02/24,,,oui,oui,oui,oui,oui,https://youtu.be/IyCkkDpuwY0,
Sciences de la Vie,Génétique,Thymine,782,1,non,oui,29/02/2022,,,Groupe de travail,mp4,1,1,2,Refait à Lyon 10/02/24,,,oui,oui,oui,oui,oui,https://youtu.be/BK_7svLb_JQ,
Sciences de la Vie,Génétique,Guanine,783,1,non ,oui ,29/02/2022,,,Groupe de travail,mp4,1,1,2,Refait à Lyon 10/02/24,,,oui,oui,oui,oui,oui,https://youtu.be/Tne2Cm0qNE0,
Sciences de la Vie,Cellulaire,Monoglycéride,784,1,non,oui,29/02/2022,,,Groupe de travail,mp4,1,1,2,Remplacer par Triglycéride (doublon),,,oui,oui,oui,oui,non,https://youtu.be/vKMvddnC0s4,
Sciences de la Vie,Biochimie,Glucide,785,1,non ,oui,29/02/2022,,,Groupe de travail,mp4,1,1,2,,,,oui,oui,oui,oui,oui,https://youtu.be/YR_QsdH9Ol0,
Sciences de la Vie,Biochimie,Glucose,786,4,non ,non ,29/02/2022,,,Groupe de travail,mp4,1,1,2,,,,oui,oui,oui,oui,oui,https://youtu.be/KsKhnUXn10s,
Sciences de la Vie,Biochimie,Fructose,787,1,oui,non,29/02/2022,,,Groupe de travail,mp4,1,1,2,,,,oui,oui,oui,oui,oui,https://youtu.be/ICs4UbjquL4,
Sciences de la Vie,Biochimie,Saccharose,788,1,oui,non,29/02/2022,,,Groupe de travail,m4v,1,1,2,,,,oui,oui,oui,oui,oui,https://youtu.be/rcDorCzjeh8,
Sciences de la Vie,Biochimie,Amidon,789,1,non,oui,29/02/2022,,,Groupe de travail,mp4,1,1,2,,,,oui,oui,oui,oui,oui,https://youtu.be/TFckb3De--Y,
Santé,Anatomie,Glycémie,790,1,non ,oui,29/02/2022,,,Groupe de travail,mp4,1,1,2,,,,oui,oui,oui,oui,oui,https://youtu.be/DJu8rASy52s,
Santé,Anatomie,Hypoglycémie,791,1,non,oui,29/02/2022,,,Groupe de travail,mp4,1,1,2,,,,oui,oui,oui,oui,oui,https://youtu.be/DUXZejGe4WY,
Santé,Anatomie,Hyperglycémie,792,1,non,oui,29/02/2022,,,Groupe de travail,mp4,1,1,2,,,,oui,oui,oui,oui,oui,https://youtu.be/L1-6KwUN9OE,
Sciences de la Vie,Cellulaire,Procaryote,793,2,oui,non,07/04/2022,,,Groupe de travail,mp4,1,1,2,, ,,oui,oui,oui,oui,oui,https://youtu.be/L829lOXwFzM,
Sciences de la Vie,Génétique,Ribosome,794,1,oui,non,07/04/2022,,,Groupe de travail,mp4,1,1,2,, ,,oui,oui,oui,oui,oui,https://youtu.be/y1AdvD9bo3g,
Sciences de la Vie,Génétique,Traduction,795,1,oui,non,07/04/2022,,,Groupe de travail,mp4,1,1,2,, ,,oui,oui,oui,oui,oui,https://youtu.be/ZkuYqgccI9c,
Sciences de la Vie,Génétique,Allèle,796,3,oui,non,07/04/2022,,,Groupe de travail,mp4,0,1,1,Signes OK mais définition à la fin trois signes présentés... ça va le faire quand même ? Lien : https://drive.google.com/file/d/10cqDiFc-5OPzdyqaGN8e1zYYkfZrumjl/view?usp=sharing , ,,oui,oui,oui,oui,oui,https://youtu.be/sJTZhQ3_DPc,
Sciences de la Vie,Génétique,Allèle,797,4,oui,non,07/04/2022,,,Groupe de travail,mp4,1,1,2,,,,oui,oui,oui,oui,oui,https://youtu.be/n3ACD5RamvQ,
Sciences de la Vie,Génétique,Allèle,798,5,oui,non,07/04/2022,,,Groupe de travail,mp4,1,1,2,,,,oui,oui,oui,oui,oui,https://youtu.be/5EJ0GbiYgA4,
Physique,Astronomie,Amas ouvert,799,1,non,non,04/07/2022,,,Groupe de travail,mp4,1,1,2,,,,oui,oui,oui,oui,non,https://youtu.be/IpqLbbhgdKk,
Physique,Astronomie,Année,800,1,non,non,04/07/2022,,,Groupe de travail,mp4,1,1,2,,,,oui,oui,oui,oui,non,https://youtu.be/5Rpgl0X-2NQ,
Physique,Astronomie,Année-lumière,801,1,oui,non,04/07/2022,,,Groupe de travail,mp4,1,1,2,,,,oui,oui,oui,oui,non,https://youtu.be/WHuHN3euWQw,
Physique,Astronomie,Astéroïde,802,2,oui,non,04/07/2022,,,Groupe de travail,wmv,1,1,2,,,,oui,oui,oui,oui,non,https://youtu.be/2BqSTttmlgE,
Physique,Astronomie,Astrologie,803,1,non,oui,04/07/2022,,,Groupe de travail,wmv,1,1,2,,,,oui,oui,oui,oui,non,https://youtu.be/iX8LAm81an0,
Physique,Astronomie,Astronomie,804,1,non,non,04/07/2022,,,Groupe de travail,mp4,1,1,2,,,,oui,oui,oui,oui,non,https://youtu.be/mOfbJAIFMSA,
Physique,Astronomie,Big Bang,805,1,non,non,04/07/2022,,,Groupe de travail,wmv,1,1,2,,,,oui,oui,oui,oui,non,https://youtu.be/OyAf0R-amEE,
Physique,Astronomie,Calendrier,806,1,non,non,04/07/2022,,,Groupe de travail,mp4,1,1,2,,,,oui,oui,oui,oui,non,https://youtu.be/BhzmBHcg660,
Physique,Astronomie,Comète,807,2,non,non,04/07/2022,,,Groupe de travail,wmv,1,1,2,,,,oui,oui,oui,oui,non,https://youtu.be/FFAEIl61QIY,
Physique,Astronomie,Constellation,808,2,non,non,04/07/2022,,,Groupe de travail,wmv,1,1,2,,,,oui,oui,oui,oui,non,https://youtu.be/oCoL32o8zNQ,
Physique,Astronomie,Coordonnées célestes,809,1,oui,non,04/07/2022,,,Groupe de travail,mp4,1,1,2,,,,oui,oui,oui,oui,non,https://youtu.be/CHCY-5DXeFA,
Physique,Astronomie,Degré (température),810,1,non,non,04/07/2022,,,Groupe de travail,mp4,1,1,2,,,,oui,oui,oui,oui,non,https://youtu.be/6eyKO2Br7XQ,
Physique,Astronomie,Diamètre,811,1,oui,non,04/07/2022,,,Groupe de travail,mp4,1,1,2,,,,oui,oui,oui,oui,non,https://youtu.be/wGfyb-hxjxo,
Physique,Astronomie,Distance,812,1,oui,non,04/07/2022,,,Groupe de travail,mp4,1,1,2,,,,oui,oui,oui,oui,non,https://youtu.be/qQBld4ZQp6E,
Physique,Astronomie,Eclipse,813,2,oui,non,04/07/2022,,,Groupe de travail,mp4,1,1,2,,,,oui,oui,oui,oui,non,https://youtu.be/sjKaXwQ0ZM4,
Physique,Astronomie,Ecliptique,814,1,oui,non,04/07/2022,,,Groupe de travail,wmv,1,1,2,,,,oui,oui,oui,oui,non,https://youtu.be/we-zCFEGnrQ,
Physique,Astronomie,Elements chimiques,815,1,non,non,04/07/2022,,,Groupe de travail,mp4,1,1,2,,,,oui,oui,oui,oui,non,https://youtu.be/S8qtFJyjCy4,
Physique,Astronomie,Ellipse,816,1,oui,non,04/07/2022,,,Groupe de travail,mp4,1,1,2,,,,oui,oui,oui,oui,non,https://youtu.be/EKFrgdlfODM,
Physique,Astronomie,Diamètre,817,2,non,non,04/07/2022,,,Groupe de travail,mp4,1,1,2,,,,oui,oui,oui,oui,non,https://youtu.be/3LOcdJOkf6M,
Physique,Astronomie,Equateur,818,1,non,non,04/07/2022,,,Groupe de travail,wmv,1,1,2,,,,oui,oui,oui,oui,non,https://youtu.be/8sEH6FCbptw,
Physique,Astronomie,Equinoxe,819,1,oui,non,04/07/2022,,,Groupe de travail,mp4,1,1,2,,,,oui,oui,oui,oui,non,https://youtu.be/WvXA0ZccI7k,
Physique,Astronomie,Etoile binaire,820,1,non,non,04/07/2022,,,Groupe de travail,wmv,1,1,2,,,,oui,oui,oui,oui,non,https://youtu.be/Sjr72MvJyAw,
Physique,Astronomie,Etoile de Noël,821,1,oui,non,04/07/2022,,,Groupe de travail,mp4,1,1,2,,,,oui,oui,oui,oui,non,https://youtu.be/lYZ32JWB5f0,
Physique,Astronomie,Force ,822,1,oui,non,04/07/2022,,,Groupe de travail,mp4,1,1,2,,,,oui,oui,oui,oui,non,https://youtu.be/QXKYKffYV1M,
Physique,Astronomie,Interaction gravitationnelle,823,1,non,non,04/07/2022,,,Groupe de travail,wmv,1,1,2,,,,oui,oui,oui,oui,non,https://youtu.be/JrVsWaABU_A,
Physique,Astronomie,Interaction électromagnétique,824,1,non,non,04/07/2022,,,Groupe de travail,wmv,1,1,2,,,,oui,oui,oui,oui,non,https://youtu.be/nXqb6ySEbIk,
Physique,Astronomie,Interaction nucléaire ,825,1,non,non,04/07/2022,,,Groupe de travail,wmv,1,1,2,,,,oui,oui,oui,oui,non,https://youtu.be/hZpdYN0ZaNE,
Physique,Astronomie,Amas de galaxies,826,1,non,non,04/07/2022,,,Groupe de travail,mp4,1,1,2,Mot modifié Galaxie (Amas),,,oui,oui,oui,oui,non,https://youtu.be/utD1RW3mhKk,
Physique,Astronomie,Galaxie spirale,827,1,non,non,04/07/2022,,,Groupe de travail,mp4,1,1,2,,,,oui,oui,oui,oui,non,https://youtu.be/6aqROXpV0qs,
Physique,Astronomie,Galaxie irrégulière,828,1,non,non,04/07/2022,,,Groupe de travail,mp4,1,1,2,,,,oui,oui,oui,oui,non,https://youtu.be/yWnU3Tvg0bk,
Physique,Astronomie,Groupe local,829,1,non,non,04/07/2022,,,Groupe de travail,mp4,1,1,2,,,,oui,oui,oui,oui,non,https://youtu.be/ysI_j3P4hfI,
Physique,Astronomie,Horloge astronomique,830,1,oui,non,04/07/2022,,,Groupe de travail,mp4,1,1,2,,,,oui,oui,oui,oui,non,https://youtu.be/WI-7fVW9HLA,
Physique,Astronomie,Imagerie,831,1,non,non,04/07/2022,,,Groupe de travail,mp4,1,1,2,,,,oui,oui,oui,oui,non,https://youtu.be/xVTJT3y_g_E,
Physique,Astronomie,Jupiter,832,1,non,non,04/07/2022,,,Groupe de travail,wmv,1,1,2,,,,oui,oui,oui,oui,non,https://youtu.be/0zbMPlRqyFE,
Physique,Astronomie,Vitesse de la lumière,833,1,oui,non,04/07/2022,,,Groupe de travail,mp4,1,1,2,Mot modifié Lumière (vitesse),,,oui,oui,oui,oui,non,https://youtu.be/g1SsBb1o8QU,
Physique,Astronomie,Lune,834,1,non,non,04/07/2022,,,Groupe de travail,mp4,1,1,2,,,,oui,oui,oui,oui,non,https://youtu.be/c-3-dfNMvIY,
Physique,Astronomie,Lunette astronomique,835,1,non,non,04/07/2022,,,Groupe de travail,mp4,1,1,2,,,,oui,oui,oui,oui,non,https://youtu.be/ABk5lxj8-qE,
Physique,Astronomie,Magnitude (photométrie),836,2,oui,non,04/07/2022,,,Groupe de travail,mp4,1,1,2,,,,oui,oui,oui,oui,non,https://youtu.be/-eXFnL4nBEU,
Physique,Astronomie,Mars ,837,1,non,non,04/07/2022,,,Groupe de travail,wmv,1,1,2,,,,oui,oui,oui,oui,non,https://youtu.be/MhW7HYD3Pqo,
Physique,Astronomie,Masse,838,1,oui,non,04/07/2022,,,Groupe de travail,mp4,1,1,2,,,,oui,oui,oui,oui,non,https://youtu.be/8iTwhYA9674,
Physique,Astronomie,Mercure,839,1,non,non,04/07/2022,,,Groupe de travail,mp4,1,1,2,,,,oui,oui,oui,oui,non,https://youtu.be/UtANfgAHFtg,
Physique,Astronomie,Météorite,840,2,non,non,04/07/2022,,,Groupe de travail,mp4,1,1,2,,,,oui,oui,oui,oui,non,https://youtu.be/fyKOnXIphIA,
Physique,Astronomie,Nébuleuse planétaire,841,1,non,non,04/07/2022,,,Groupe de travail,mp4,1,1,2,,,,oui,oui,oui,oui,non,https://youtu.be/tnybW2k736M,
Physique,Astronomie,Neptune,842,1,non,non,04/07/2022,,,Groupe de travail,wmv,1,1,2,,,,oui,oui,oui,oui,non,https://youtu.be/C6vH3fue3XM,
Physique,Astronomie,Nova,843,1,non,non,04/07/2022,,,Groupe de travail,mp4,1,1,2,,,,oui,oui,oui,oui,non,https://youtu.be/3QB2jVRN8t0,
Physique,Astronomie,Nuage de Magellan,844,1,oui,non,04/07/2022,,,Groupe de travail,mp4,1,1,2,,,,oui,oui,oui,oui,non,https://youtu.be/Pc6XWeLN9tA,
Physique,Astronomie,Nucléaire (réaction),845,1,non,non,04/07/2022,,,Groupe de travail,mp4,1,1,2,Titre Nucléaire seulement,,,oui,oui,oui,oui,non,https://youtu.be/5c4wyuxkksg,
Physique,Astronomie,Observatoire,846,1,oui,non ,04/07/2022,,,Groupe de travail,mp4,1,1,2,,,,oui,oui,oui,oui,non,https://youtu.be/v7sei9S79cg,
Physique,Astronomie,Parsec,847,1,non,oui,04/07/2022,,,Groupe de travail,mp4,1,1,2,,,,oui,oui,oui,oui,non,https://youtu.be/ZQ2l5zkGdwk,
Physique,Astronomie,Pluton,848,1,non,non,04/07/2022,,,Groupe de travail,wmv,1,1,2,"Titre ""Pluton et les planètes naines"" Dominique Proust l'a dmd. DOnc Vidéo MAJ",,,oui,oui,oui,oui,non,https://youtu.be/nfs5_kerF7U,
Physique,Astronomie,Pulsar,849,1,oui,non,04/07/2022,,,Groupe de travail,mp4,1,1,2,,,,oui,oui,oui,oui,non,https://youtu.be/DXf7B4NXkKM,
Physique,Astronomie,Quasar,850,1,oui,non,04/07/2022,,,Groupe de travail,mp4,1,1,2,,,,oui,oui,oui,oui,non,https://youtu.be/po5BZyjcW3o,
Physique,Astronomie,Radiotélescope,851,1,oui,non,04/07/2022,,,Groupe de travail,mp4,1,1,2,,,,oui,oui,oui,oui,non,https://youtu.be/axCj9LKwAyI,
Physique,Astronomie,Relativité,852,1,oui,non,04/07/2022,,,Groupe de travail,mp4,1,1,2,,,,oui,oui,oui,oui,non,https://youtu.be/tPiQOZeHNyE,
Physique,Astronomie,Satellite artificiel,853,1,oui,non,04/07/2022,,,Groupe de travail,mp4,1,1,2,,,,oui,oui,oui,oui,non,https://youtu.be/3NvaXp53X6Y,
Physique,Astronomie,Saturne,854,1,non,non,04/07/2022,,,Groupe de travail,wmv,1,1,2,,,,oui,oui,oui,oui,non,https://youtu.be/HSH_HBXfvNc,
Physique,Astronomie,Soleil,855,1,non,non,04/07/2022,,,Groupe de travail,mp4,1,1,2,,,,oui,oui,oui,oui,non,https://youtu.be/N-cH4gXCqOM,
Physique,Astronomie,Solstice d'été et d'hiver,856,1,oui,non,04/07/2022,,,Groupe de travail,mp4,1,1,2,,,,oui,oui,oui,oui,non,https://youtu.be/cf5TMkwsD2g,
Physique,Astronomie,Galaxie,857,1,oui,non,04/07/2022,,,Groupe de travail,mp4,1,1,2,,,,oui,oui,oui,oui,non,https://youtu.be/ZCtLEgY-quk,
Physique,Astronomie,Spectre électromagnétique,858,1,oui,non,04/07/2022,,,Groupe de travail,mp4,1,1,2,,,,oui,oui,oui,oui,non,https://youtu.be/woaFURJvEp0,
Physique,Astronomie,Supernova,859,1,non,non,04/07/2022,,,Groupe de travail,mp4,1,1,2,,,,oui,oui,oui,oui,non,https://youtu.be/Kr5Pk-wiy5E,
Physique,Astronomie,Système solaire,860,1,non,oui,04/07/2022,,,Groupe de travail,mp4,1,1,2,,,,oui,oui,oui,oui,non,https://youtu.be/f_8eqcaXEHE,
Physique,Astronomie,Téléscope,861,1,oui,non,04/07/2022,,,Groupe de travail,mp4,1,1,2,Deux vidéos : 1 signe + 1 def,,,oui,oui,oui,oui,non,https://youtu.be/QVN3H6TMDBs,
Physique,Astronomie,Terre,862,1,non,non,04/07/2022,,,Groupe de travail,wmv,1,1,2,,,,oui,oui,oui,oui,non,https://youtu.be/yrSQdmDVf5k,
Physique,Astronomie,Objets transneptuniens,863,1,oui,non,04/07/2022,,,Groupe de travail,mp4,1,1,2,,,,oui,oui,oui,oui,non,https://youtu.be/8SDN6XegvgA,
Physique,Astronomie,Astrophysique,864,1,non,non,04/07/2022,,,Groupe de travail,wmv,1,1,2,,,,oui,oui,oui,oui,non,https://youtu.be/dqWPtiR-bYg,
Physique,Astronomie,Trou noir,865,2,non,non,04/07/2022,,,Groupe de travail,mp4,1,1,2,,,,oui,oui,oui,oui,non,https://youtu.be/bnasehTkffQ,
Physique,Astronomie,Unité Astronomique,866,1,oui,non,04/07/2022,,,Groupe de travail,mp4,1,1,2,,,,oui,oui,oui,oui,non,https://youtu.be/4s-_OPjKcIA,
Physique,Astronomie,Rayonnement fossile,867,1,oui,non,04/07/2022,,,Groupe de travail,mp4,1,1,2,,,,oui,oui,oui,oui,non,https://youtu.be/up_OFvYMPuo,
Physique,Astronomie,Uranus,868,1,non,non,04/07/2022,,,Groupe de travail,wmv,1,1,2,,,,oui,oui,oui,oui,non,https://youtu.be/YqE2-JmfgKQ,
Physique,Astronomie,Vénus,869,1,non,non,04/07/2022,,,Groupe de travail,wmv,1,1,2,,,,oui,oui,oui,oui,non,https://youtu.be/JLgLRtY8dhc,
Physique,Astronomie,Vie (dans l'univers),870,1,non,non,04/07/2022,,,Groupe de travail,mp4,1,1,2,,,,oui,oui,oui,oui,non,https://youtu.be/81BSMg2b5HM,
Physique,Astronomie,Voie Lactée,871,1,oui,non,04/07/2022,,,Groupe de travail,mp4,1,1,2,,,,oui,oui,oui,oui,non,https://youtu.be/HMOoBxxBsQg,
Physique,Astronomie,Voûte céleste,872,1,oui,non,04/07/2022,,,Groupe de travail,mp4,1,1,2,,,,oui,oui,oui,oui,non,https://youtu.be/kQ0uc9jdMco,
Physique,Astronomie,Zénith,873,1,oui,non,04/07/2022,,,Groupe de travail,mp4,1,1,2,,,,oui,oui,oui,oui,non,https://youtu.be/bJ1xmzKgmiI,
Physique,Astronomie,Nadir,874,1,oui,non,04/07/2022,,,Groupe de travail,mp4,1,1,2,,,,oui,oui,oui,oui,non,https://youtu.be/0U6R_KLvm8M,
Physique,Astronomie,Voie Lactée,875,2,non,oui,04/07/2022,,,Groupe de travail,mp4,1,1,2,,,,oui,oui,oui,oui,non,https://youtu.be/31bcHXS20qM,
Physique,Astronomie,Amas globulaire,876,1,non,non,04/07/2022,,,Groupe de travail,mp4,1,1,2,,,,oui,oui,oui,oui,non,https://youtu.be/4LwX0LmUhKM,
Physique,Astronomie,I.S.S.,877,1,oui,oui,08/10/2022,,,Séminaire,MTS,,,,,,,oui,oui,oui,oui,non,https://youtu.be/lnaACpvMogQ,
Technologie,Aéronautique,Astrophotographe,878,1,oui,non,08/10/2022,,,Séminaire,MTS,,,,,,,oui,oui,oui,oui,non,https://youtu.be/NLSgGIwEVG0,
Technologie,Aéronautique,Mise en station,879,1,oui,non,08/10/2022,,,Séminaire,mov,1,1,2,,,,oui,oui,oui,oui,non,https://youtu.be/tPiJRlqw5UE,
Physique,Astronomie,Étoile polaire,880,1,oui,non,08/10/2022,,,Séminaire,mov,1,1,2,,,,oui,oui,oui,oui,non,https://youtu.be/di6H0vIbyPs,
Technologie,Aéronautique,Starlink,881,1,oui,oui,08/10/2022,,,Séminaire,mov,1,1,2,,,,oui,oui,oui,oui,non,https://youtu.be/2zcmNNqeFYQ,
Physique,Astronomie,Dobson,882,1,oui,non,08/10/2022,,,Séminaire,mov,1,1,2,,,,oui,oui,oui,oui,non,https://youtu.be/RwA0cqtnSiE,
Technologie,Aéronautique,NASA,883,1,oui,non,08/10/2022,,,Séminaire,mov,1,1,2,,,,oui,oui,oui,oui,non,https://youtu.be/v70CbDgHtD0,
Physique,Astronomie,Étoile circumpolaire,884,1,oui,non,08/10/2022,,,Séminaire,mov,1,1,2,,,,oui,oui,oui,oui,non,https://youtu.be/wpDhUz16afo,
Technologie,Aéronautique,Space X,885,1,oui,non,08/10/2022,,,Séminaire,mov,1,1,2,,,,oui,oui,oui,oui,non,https://youtu.be/XhTBlBUwJI8,
Technologie,Aéronautique,ESA,886,1,oui,oui,08/10/2022,,,Séminaire,mov,1,1,2,,,,oui,oui,oui,oui,non,https://youtu.be/uKt3obkDHXY,
Technologie,Aéronautique,CNES,887,1,oui,oui,08/10/2022,,,Séminaire,mov,1,1,2,,,,oui,oui,oui,oui,non,https://youtu.be/VzEDsxAlKrg,
Technologie,Aéronautique,James Webb,888,1,oui,non,08/10/2022,,,Séminaire,mov,1,1,2,,,,oui,oui,oui,oui,non,https://youtu.be/ULzUiBq-x9M,
Technologie,Aéronautique,Hubble,889,1,oui,non,08/10/2022,,,Séminaire,mov,1,1,2,,,,oui,oui,oui,oui,non,https://youtu.be/o_QIOHhAd5M,
Physique,Astronomie,Télescope de Newton,890,1,oui,non,08/10/2022,,,Séminaire,mov,1,1,2,,,,oui,oui,oui,oui,non,https://youtu.be/27YLC_l-Dlc,
Environnement,Ecologie,Développement durable,891,1,non,oui,08/10/2022,,,Séminaire,mp4,1,1,2,premier signe + explication,,,oui,oui,oui,oui,non,https://youtu.be/ujX2bc-voWY,
Environnement,Ecologie,Développement durable,892,2,non,non,08/10/2022,,,Séminaire,mp4,1,1,2,signe sans explication,,,oui,oui,oui,oui,non,https://youtu.be/gU86cpvKbOY,
Environnement,Climatologie,Couche d'ozone,893,1,non,non,08/10/2022,,,Séminaire,mp4,1,1,2,,,,oui,oui,oui,oui,non,https://youtu.be/jF1fd4PZSdw,
Physique,Classique,Mécanique des fluides,894,1,oui,oui,08/10/2022,,,Séminaire,mov,1,1,2,Signe,,,oui,oui,oui,oui,non,https://youtu.be/r78T7j7PRe0,
Environnement,Climatologie,Convection (glace),895,1,oui,non,08/10/2022,,,Séminaire,mp4,1,1,2,,,,oui,oui,oui,oui,non,https://youtu.be/Qr-9gffV89c,
Environnement,Climatologie,Convection (général),896,2,oui,non,08/10/2022,,,Séminaire,mp4,1,1,2,,,,oui,oui,oui,oui,non,https://youtu.be/vxV93Lvm6KA,
Environnement,Climatologie,Aérosol,897,1,oui,non,08/10/2022,,,Séminaire,mp4,1,1,2,,,,oui,oui,oui,oui,non,https://youtu.be/X_1tVT1cB-s,
Physique,Classique,Hydrodynamique (dynamique des fluides),898,1,oui,oui,08/10/2022,,,Séminaire,mov,1,1,2,,,,oui,oui,oui,oui,non,https://youtu.be/3_xNasB0nn8,
Physique,Classique,Hydrostatique,899,1,oui,oui,08/10/2022,,,Séminaire,mov,1,1,2,,,,oui,oui,oui,oui,non,https://youtu.be/Ee004t-EDLI,
Chimie,Organique,Organique,900,1,oui,non,08/10/2022,,,Séminaire,mov,1,1,2,,,,oui,oui,oui,oui,non,https://youtu.be/xFP9Q18qf7s,
Physique,Astronomie,Trou noir,901,3,oui,non,08/10/2022,,,Séminaire,mov,1,1,2,,,,oui,oui,oui,oui,non,https://youtu.be/UWsVtFZa23c,
Physique,Classique,Relativité générale,902,1,oui,non,08/10/2022,,,Séminaire,mov,1,1,2,,,,oui,oui,oui,oui,non,https://youtu.be/Y6zriOsYp-w,
Physique,Electronique,Isolant,903,1,oui,non,08/10/2022,,,Séminaire,mov,1,1,2,,,,oui,oui,oui,oui,non,https://youtu.be/itbqeCwu5OI,
Physique,Classique,Mécanique,904,1,oui,non,08/10/2022,,,Séminaire,mov,1,1,2,,,,oui,oui,oui,oui,non,https://youtu.be/lDfccS5Ic14,
Physique,Classique,Fluide,905,1,oui,non,08/10/2022,,,Séminaire,mov,1,1,2,,,,oui,oui,oui,oui,non,https://youtu.be/xUoSAlK5A-E,
Chimie,Organique,Groupe hydroxyle,906,1,oui,oui,08/10/2022,,,Séminaire,mov,1,1,2,,,,oui,oui,oui,oui,non,https://youtu.be/3AV2hkgjbB8,
Chimie,Organique,Groupe carbonyle,907,1,oui,oui,08/10/2022,,,Séminaire,mov,1,1,2,,,,oui,oui,oui,oui,non,https://youtu.be/8TVj9jq5-4k,
Environnement,Géologie,Géologie,908,1,,,08/10/2022,,,Séminaire,mov,1,1,2,,,,oui,oui,oui,oui,non,https://youtu.be/nH2RCxa9dvY,
Sciences de la Vie,Botanique,Stomate,909,2,oui,oui,08/10/2022,,,Séminaire,mov,1,1,2,,,,oui,oui,oui,oui,non,https://youtu.be/u5LJH7f-l68,
Sciences de la Vie,Botanique,Ostiole,910,1,oui,oui,08/10/2022,,,Séminaire,mov,1,1,2,,,,oui,oui,oui,oui,non,https://youtu.be/SVZI9-ts_AQ,
Sciences de la Vie,Botanique,Graminées,911,1,oui,non,08/10/2022,,,Séminaire,mov,1,1,2,,,,oui,oui,oui,oui,non,https://youtu.be/h4jgdTyqUdQ,
Sciences de la Vie,Botanique,Légumineuses,912,1,oui,oui,08/10/2022,,,Séminaire,mov,1,1,2,,,,oui,oui,oui,oui,non,https://youtu.be/4xjzFWxOSck,
Sciences de la Vie,Botanique,Légumineuses,913,2,oui,oui,08/10/2022,,,Séminaire,mov,1,1,2,,,,oui,oui,oui,oui,non,https://youtu.be/tqJlooQ4z8M,
Santé,Anatomie,Muqueuse,914,1,oui,oui,08/10/2022,,,Séminaire,mov,1,1,2,,,,oui,oui,oui,oui,non,https://youtu.be/eGzp1qUqyVM,
Informatique,Cybersécurité,Phishing,915,1,oui,non,08/10/2022,,,Séminaire,MTS,1,1,2,,,,oui,oui,oui,oui,non,https://youtu.be/wF7pZcqoTCs,
Sciences de la Vie,Cellulaire,Cellule épithéliale,916,1,oui,non,08/10/2022,,,Séminaire,mov,1,1,2,,,,oui,oui,oui,oui,non,https://youtu.be/0J3L3w7hQIw,
Informatique,Logiciels,Sharepoint,917,1,oui,non,08/10/2022,,,Séminaire,MTS,1,1,2,,,,oui,oui,oui,oui,non,https://youtu.be/xc6LQV3HbBo,
Informatique,Réseau,Linkedin,918,1,oui,non,08/10/2022,,,Séminaire,MTS,1,1,2,,,,oui,oui,oui,oui,non,https://youtu.be/HSlycW1C81g,
Informatique,Logiciels,React,919,1,oui,non,08/10/2022,,,Séminaire,MTS,1,1,2,,,,oui,oui,oui,oui,non,https://youtu.be/uZ6Z3Ftmre0,
Informatique,Programmation,Git,920,1,oui,non,08/10/2022,,,Séminaire,MTS,1,1,2,,,,oui,oui,oui,oui,non,https://youtu.be/vMGUk-ATltE,
Informatique,Réseau,Redirection,921,1,oui,non,08/10/2022,,,Séminaire,MTS,1,1,2,,,,oui,oui,oui,oui,non,https://youtu.be/aamwVWo0-N8,
Informatique,Logiciels,Github,922,2,oui,non,08/10/2022,,,Séminaire,MTS,1,1,2,,,,oui,oui,oui,oui,non,https://youtu.be/66blrs7JPeU,
Informatique,Réseau,Veille,923,1,oui,non,08/10/2022,,,Séminaire,MTS,1,1,2,,,,oui,oui,oui,oui,non,https://youtu.be/PlL4A97JlHU,
Informatique,Matériel Informatique,Linux,924,1,oui,non,08/10/2022,,,Séminaire,MTS,1,1,2,,,,oui,oui,oui,oui,non,https://youtu.be/ZIuWaBr15Yk,
Informatique,Algorithmique,Développeur,925,1,oui,non,08/10/2022,,,Séminaire,MTS,1,1,2,,,,oui,oui,oui,oui,non,https://youtu.be/MWLGRBSh4UQ,
Santé,Anatomie,Anatomie,926,1,oui,non,09/10/2022,,,Séminaire,mov,1,1,2,,,,oui,oui,oui,oui,non,https://youtu.be/xFC7ag66Ukc,
Sciences de la Vie,Génétique,Récessif,927,1,oui,non,09/10/2022,,,Séminaire,mov,1,1,2,,,,oui,oui,oui,oui,non,https://youtu.be/2c2-WvTJ-6E,
Sciences de la Vie,Génétique,Dominant,928,1,oui,non,09/10/2022,,,Séminaire,mov,1,1,2,,,,oui,oui,oui,oui,non,https://youtu.be/v5xLH6QWYJE,
Santé,Affections,Rémission,929,1,oui,non,09/10/2022,,,Séminaire,mov,1,1,2,,,,oui,oui,oui,oui,non,https://youtu.be/X5r49WBTERQ,
Santé,Traitements,Thérapie,930,1,non,oui,09/10/2022,,,Séminaire,mov,1,1,2,,,,oui,oui,oui,oui,non,https://youtu.be/qrbMqFPuf50,
Physique,Astronomie,Ceinture de Kuiper,931,1,oui,non,09/10/2022,,,Séminaire,mp4,,,,,,,oui,oui,oui,oui,non,https://youtu.be/MN1cWHehUaw,
Physique,Astronomie,Nuage d'Oort,932,1,oui,non,09/10/2022,,,Séminaire,mp4,,,,,,,oui,oui,oui,oui,non,https://youtu.be/2thLbPH_hmM,
Physique,Astronomie,Ceinture d'astéroïdes,933,1,oui,non,09/10/2022,,,Séminaire,mp4,,,,,,,oui,oui,oui,oui,non,https://youtu.be/0ETRK34Ppo0,
Physique,Astronomie,Eratosthène,934,1,oui,non,09/10/2022,,,Séminaire,mov,1,1,2,Erreur d'ortho - Anthony va refaire,,,oui,non,non,non,non,https://youtu.be/TYckX1vSdKE,
Physique,Astronomie,Exoplanète,935,1,oui,non,09/10/2022,,,Séminaire,mov,1,1,2,,,,oui,oui,oui,oui,non,https://youtu.be/-KGutqrAVww,
Santé,Traitements,Thérapie,936,1,oui,non,09/10/2022,,,Séminaire,,,,,Il y a qu'iun seul signe (une vidéo avec deux définitions),,,oui,oui,oui,oui,,https://youtu.be/F6dUPqZGnX4,
Santé,Traitements,Traitement,937,1,non,oui,09/10/2022,,,Séminaire,mov,1,1,2,,,,oui,oui,oui,oui,non,https://youtu.be/pJwGUDSRVtY,
Informatique,Programmation,Propriété,938,1,oui,non,09/10/2022,,,Séminaire,mov,1,1,2,,,,oui,oui,oui,oui,non,https://youtu.be/jzXTKbWxNM4,
Informatique,Réseau,Metaverse,939,1,oui,non,09/10/2022,,,Séminaire,mov,1,1,2,,,,oui,oui,oui,oui,non,https://youtu.be/RUbW8Ffi3Og,
Informatique,Réseau,Wordpress,940,1,oui,non,09/10/2022,,,Séminaire,mov,1,1,2,,,,oui,oui,oui,oui,non,https://youtu.be/cJA6SJqwodk,
Environnement,Climatologie,El Niño,941,1,non,oui,02/02/2025,,,Séminaire,mp4,1,1,2,,,,Oui,oui,oui,oui,,https://youtu.be/oyG-9tTXLJU,
Informatique,Programmation,Cherry pick,942,1,oui,non,09/10/2022,,,Séminaire,mov,1,1,2,,,,oui,oui,oui,oui,non,https://youtu.be/TEm8sCE7gX8,
Informatique,Programmation,Commit,943,1,oui,non,09/10/2022,,,Séminaire,mov,1,1,2,,,,oui,oui,oui,oui,non,https://youtu.be/A8JM6DyTYI8,
Informatique,Programmation,Merge,944,1,non,non,09/10/2022,,,Séminaire,mov,1,1,2,,,,oui,oui,oui,oui,non,https://youtu.be/Bsf94Gcinmc,
Informatique,Programmation,Rebase,945,1,non,non,09/10/2022,,,Séminaire,mov,1,1,2,,,,oui,oui,oui,oui,non,https://youtu.be/UGKFg32T6SA,
Informatique,Logiciels,Oracle,946,1,oui,non,09/10/2022,,,Séminaire,mov,1,1,2,,,,oui,oui,oui,oui,non,https://youtu.be/gA8hvwQuodU,
Informatique,Logiciels,Infrastructrure,947,1,oui,non,09/10/2022,,,Séminaire,mov,1,1,2,,,,oui,oui,oui,oui,non,https://youtu.be/vFE57ugUBlQ,
Informatique,Logiciels,Terminal,948,1,oui,non,09/10/2022,,,Séminaire,mov,1,1,2,,,,oui,oui,oui,oui,non,https://youtu.be/R-4afIlOvEw,
Informatique,Programmation,Entité,949,1,oui,non,09/10/2022,,,Séminaire,mov,1,1,2,,,,oui,oui,oui,oui,non,https://youtu.be/WG6vE2t3ETM,
Informatique,Programmation,View,950,1,oui,non,09/10/2022,,,Séminaire,mov,1,1,2,,,,oui,oui,oui,oui,non,https://youtu.be/3Ctlwq4EsPE,
Informatique,Réseau,Cookie,951,1,oui,non,09/10/2022,,,Séminaire,mov,1,1,2,,,,oui,oui,oui,oui,non,https://youtu.be/k-0KrU_GYFg,
Informatique,Cybersécurité,Chiffrement,952,1,oui,non,09/10/2022,,,Séminaire,mov,1,1,2,,,,oui,oui,oui,oui,non,https://youtu.be/BhVi5EGLTyQ,
Informatique,Programmation,Attribut,953,1,oui,non,09/10/2022,,,Séminaire,mov,1,1,2,,,,oui,oui,oui,oui,non,https://youtu.be/Gi6U7Rh6s_o,
Informatique,Programmation,Argument,954,1,oui,non,09/10/2022,,,Séminaire,mov,1,1,2,,,,oui,oui,oui,oui,non,https://youtu.be/ap5i96E7B8A,
Sciences de la Vie,Cellulaire,Cytosquelette,955,1,non,oui,09/10/2022,,,Séminaire,mp4,1,1,2,,,,oui,oui,oui,oui,non,https://youtu.be/SRKKzgH7534,
Sciences de la Vie,Biochimie,Catabolisme,956,1,non,oui,09/10/2022,,,Séminaire,mp4,,,,https://drive.google.com/file/d/1vkjYaY6qh52IclrSDe17g0vPTxW3Janj/view?usp=share_link,,,oui,oui,oui,oui,non,https://youtu.be/gTB1yCKH7Mc,
Sciences de la Vie,Biochimie,Anabolisme,957,1,non,oui,09/10/2022,,,Séminaire,mp4,,,,https://drive.google.com/file/d/1FvbvwTmolesD9xMlIx0aaIpr1rVc1v9h/view?usp=share_link,,,oui,oui,oui,oui,non,https://youtu.be/oul96SJhWh8,
Sciences de la Vie,Cellulaire,Hémoglobine,958,3,non,oui,09/10/2022,,,Séminaire,mp4,,,,https://drive.google.com/file/d/1Kp9eRyyU0UsrL9me7IQR1s_a7NFlkRV-/view?usp=share_link,,,oui,oui,oui,oui,non,https://youtu.be/PApSCmpI5Co,
Sciences de la Vie,Biochimie,Enzyme,959,2,non,oui,09/10/2022,,,Séminaire,mp4,,,,https://drive.google.com/file/d/1ZeBH2jLvoeTQyRri1NWDM_D_H6B1Dg7l/view?usp=share_link,,,oui,oui,oui,oui,non,https://youtu.be/nHxYXrScK80,
Physique,Electronique,Impédance,960,1,oui,oui,09/10/2022,,,Séminaire,MTS,1,1,2,,,,oui,oui,oui,oui,non,https://youtu.be/OpryKSKU-tw,
Physique,Electronique,Inductance,961,1,oui,non,09/10/2022,,,Séminaire,MTS,1,1,2,,,,oui,oui,oui,oui,non,https://youtu.be/o9QpQ0dkxn0,
Physique,Electronique,Capacitance,962,1,oui,non,09/10/2022,,,Séminaire,MTS,1,1,2,,,,oui,oui,oui,oui,non,https://youtu.be/cPvi5EtylZU,
Physique,Electronique,Résistance,963,1,oui,non,09/10/2022,,,Séminaire,MTS,1,1,2,,,,oui,oui,oui,oui,non,https://youtu.be/oOLGTVUfTw8,
Physique,Electronique,Résistivité,964,1,oui,oui,09/10/2022,,,Séminaire,MTS,1,1,2,,,,oui,oui,oui,oui,non,https://youtu.be/wqWoroC7Mbo,
Physique,Electronique,Transitor,965,1,oui,oui,09/10/2022,,,Séminaire,MTS,1,1,2,,,,oui,oui,oui,oui,non,https://youtu.be/ZMffP4ZabxA,
Physique,Electronique,Diode,966,1,non,oui,09/10/2022,,,Séminaire,MTS,1,1,2,,,,oui,oui,oui,oui,non,https://youtu.be/FHjDAPzQyfU,
Physique,Electronique,LED,967,1,non,oui,09/10/2022,,,Séminaire,MTS,1,1,2,,,,oui,oui,oui,oui,non,https://youtu.be/giQdVqFY0WY,
Physique,Classique,Cause,968,1,non,oui,09/10/2022,,,Séminaire,MTS,1,1,2,,,,oui,oui,oui,oui,non,https://youtu.be/HhGkqSpPJcs,
Physique,Classique,Effet,969,1,non,oui,09/10/2022,,,Séminaire,MTS,1,1,2,,,,oui,oui,oui,oui,non,https://youtu.be/riupC7tkVGw,
Physique,Classique,Ajustement,970,1,non,oui,09/10/2022,,,Séminaire,MTS,1,1,2,,,,oui,oui,oui,oui,non,https://youtu.be/1yyUcnrC3tI,
Physique,Astronomie,Nébuleuse planétaire,971,1,oui,non,09/10/2022,,,Séminaire,mp4,1,1,2,,,,oui,oui,oui,oui,non,https://youtu.be/WssDD6l98y8,
Environnement,Climatologie,Changement climatique,972,1,oui,non,09/10/2022,,,Séminaire,mp4,1,1,2,,,,oui,oui,oui,oui,non,https://youtu.be/T1EmNYfPZws,
Environnement,Climatologie,Réchauffement climatique,973,1,oui,non,09/10/2022,,,Séminaire,mp4,1,1,2,,,,oui,oui,oui,oui,non,https://youtu.be/WqeSunnbQeQ,
Environnement,Climatologie,Permafrost,974,1,oui,non,09/10/2022,,,Séminaire,mp4,1,1,2,,,,oui,oui,oui,oui,non,https://youtu.be/wv65AI6TvKY,
Environnement,Climatologie,Effet de serre,975,1,oui,non,09/10/2022,,,Séminaire,mp4,1,1,2,,,,oui,oui,oui,oui,non,https://youtu.be/JRYEK7XQe1w,
Environnement,Climatologie,Méthane,976,1,non,oui,09/10/2022,,,Séminaire,mp4,1,1,2,,,,oui,oui,oui,oui,non,https://youtu.be/Ha2mxDxKKgo,
Environnement,Climatologie,Méthane,977,2,oui,non,09/10/2022,,,Séminaire,mp4,1,1,2,,,,oui,oui,oui,oui,non,https://youtu.be/AC7C8xOI47A,
Environnement,Ingénierie Environnementale,Sobriété énergétique,978,1,oui,non,09/10/2022,,,Séminaire,mp4,1,1,2,,,,oui,oui,oui,oui,non,https://youtu.be/TBOlAlyV4xY,
Santé,Anatomie,Neurones,979,1,non ,oui,16/10/2022,,,Groupe de travail,mp4,1,1,2,,,,oui,oui,oui,oui,oui,https://youtu.be/OGcQfGrSdSo,
Santé,Anatomie,Axone,980,1,non ,oui,16/10/2022,,,Groupe de travail,mp4,1,1,2,Erreur de miniature,,,oui,oui,non,oui,oui,https://youtu.be/u2I8npOmYRs,
Santé,Anatomie,Dendrite,981,1,non ,oui,16/10/2022,,,Groupe de travail,mp4,1,1,2,,,,oui,oui,oui,oui,oui,https://youtu.be/Io6_QxwlBiw,
Santé,Anatomie,Synapse,982,1,non ,oui ,16/10/2022,,,Groupe de travail,mp4,1,1,2,,,,oui,oui,oui,oui,oui,https://youtu.be/7InrW6iANN8,
Santé,Anatomie,Potentiel d'action,983,1,non ,oui,16/10/2022,,,Groupe de travail,mp4,1,1,2,,,,oui,oui,oui,oui,oui,https://youtu.be/wT5loxpDah8,
Santé,Anatomie,Gaine de myéline,984,1,non ,oui,16/10/2022,,,Groupe de travail,mp4,1,1,2,,,,oui,oui,oui,oui,oui,https://youtu.be/HI0iNd_dLfs,
Santé,Anatomie,Conduction saltatoire,985,1,non,oui,16/10/2022,,,Groupe de travail,mp4,1,1,2,,,,oui,oui,oui,oui,oui,https://youtu.be/i3tU5f1x9qA,
Santé,Anatomie,Cortex,986,1,non,non,16/10/2022,,,Groupe de travail,mp4,1,1,2,,,,oui,oui,oui,oui,oui,https://youtu.be/q17xHWXuKYQ,
Santé,Anatomie,Substance blanche,987,1,non,non,16/10/2022,,,Groupe de travail,mp4,1,1,2,Utilisation du signe seulement,,,non,oui,oui,oui,oui,https://youtu.be/oW2FKxnH1Yo,
Santé,Anatomie,Hypothalamus,988,1,non,non,16/10/2022,,,Groupe de travail,mp4,1,1,2,Utilisation du signe seulement,,,oui,oui,oui,oui,oui,https://youtu.be/ify71yEJIFM,
Santé,Anatomie,Hypophyse,989,1,non,non,16/10/2022,,,Groupe de travail,mp4,1,1,2,Utilisation du signe seulement,,,oui,oui,oui,oui,oui,https://youtu.be/Jn1Yf2MwDng,
Santé,Anatomie,Hippocampe,990,1,non,non,16/10/2022,,,Groupe de travail,mp4,1,1,2,Utilisation du signe seulement,,,non,oui,oui,oui,oui,https://youtu.be/Sr4s-hVtH1M,
Santé,Anatomie,Message électrochimique,991,1,non ,non ,16/10/2022,,,Groupe de travail,mp4,1,1,2,,,,oui,oui,oui,oui,oui,https://youtu.be/cbQ9Y8sCWIA,
Santé,Anatomie,Neurotransmetteur,992,2,non ,non ,16/10/2022,,,Groupe de travail,mp4,1,1,2,,,,oui,oui,oui,oui,oui,https://youtu.be/XZVve0cF1_4,
Santé,Anatomie,Recapture du neurotransmetteur,993,1,non ,non ,16/10/2022,,,Groupe de travail,mp4,1,1,2,,,,oui,oui,oui,oui,oui,https://youtu.be/TK6IW0FY45w,
Santé,Anatomie,Récepteur post-synaptique,994,1,non ,non ,16/10/2022,,,Groupe de travail,mp4,1,1,2,,,,oui,oui,oui,oui,oui,https://youtu.be/AXuxjZwMOvM,
Santé,Anatomie,Récepteur pré-synaptique,995,1,non ,non ,16/10/2022,,,Groupe de travail,mp4,1,1,2,,,,oui,oui,oui,oui,oui,https://youtu.be/ACsBMEfEdvY,
Santé,Anatomie,Inversion de polarité,996,1,non,non ,16/10/2022,,,Groupe de travail,mp4,1,1,2,,,,oui,oui,oui,oui,oui,https://youtu.be/6mSaIDLVGB4,
Santé,Anatomie,Agoniste,997,1,non ,non ,16/10/2022,,,Groupe de travail,mp4,1,1,2,,,,oui,oui,oui,oui,oui,https://youtu.be/vAzaOzrB_d8,
Santé,Anatomie,Antagoniste,998,1,non ,non ,16/10/2022,,,Groupe de travail,mp4,1,1,2,,,,oui,oui,oui,oui,oui,https://youtu.be/asO_Yqkv9Hk,
Santé,Anatomie,Intégration neuronale,999,1,non ,oui,16/10/2022,,,Groupe de travail,mp4,1,1,2,,,,oui,oui,oui,oui,oui,https://youtu.be/ZnfkdOGoRoU,
Santé,Anatomie,Cognitif,1000,1,non ,non,16/10/2022,,,Groupe de travail,mp4,1,1,2,,,,oui,oui,oui,oui,oui,https://youtu.be/ULamuceXfug,
Santé,Anatomie,Biais cognitif,1001,1,non ,non ,16/10/2022,,,Groupe de travail,mp4,1,1,2,,,,oui,oui,oui,oui,oui,https://youtu.be/cS1G8t9U_Ws,
Santé,Anatomie,Trouble cognitif,1002,1,non ,non ,16/10/2022,,,Groupe de travail,mp4,1,1,2,,,,oui,oui,oui,oui,oui,https://youtu.be/AZ88U1kTaJM,
Environnement,Biodiversité,Classification,1003,1,non ,non ,22/02/2023,,,Groupe de travail,mp4,1,1,2,,,,oui,oui,oui,oui,oui,https://youtu.be/R6uYMvMOAbY,
Environnement,Biodiversité,Arbre phylogénétique,1004,1,non,non ,22/02/2023,,,Groupe de travail,mp4,1,1,2,,,,oui,oui,oui,oui,oui,https://youtu.be/-OItmNXRzt4,
Environnement,Biodiversité,Buisson du vivant,1005,2,non,non ,22/02/2023,,,Groupe de travail,mp4,1,1,2,,,,oui,oui,oui,oui,oui,https://youtu.be/VtTvRdL8JgE,
Environnement,Biodiversité,LUCA,1006,1,non ,non ,22/02/2023,,,Groupe de travail,mp4,1,1,2,,,,oui,oui,oui,oui,oui,https://youtu.be/Epc4-00dCdc,
Environnement,Biodiversité,Archées,1007,1,non,non,22/02/2023,,,Groupe de travail,mp4,1,1,2,,,,oui,oui,oui,oui,oui,https://youtu.be/MXJxwLXirNU,
Environnement,Biodiversité,Clade (Groupe monophylétique),1008,1,non,non,22/02/2023,,,Groupe de travail,mp4,1,1,2,,,,oui,oui,oui,oui,oui,https://youtu.be/F2lQoFsZPtU,
Environnement,Biodiversité,Groupe paraphylétique,1009,1,non,non,22/02/2023,,,Groupe de travail,mp4,1,1,2,,,,oui,oui,oui,oui,oui,https://youtu.be/ZxvSkSSiim0,
Environnement,Biodiversité,Groupe polyphylétique,1010,1,non,non,22/02/2023,,,Groupe de travail,mp4,1,1,2,,,,oui,oui,oui,oui,oui,https://youtu.be/oSkVfezeYFg,
Environnement,Biodiversité,Caractère (Attribut),1011,1,non,non,22/02/2023,,,Groupe de travail,mp4,1,1,2,,,,oui,oui,oui,oui,oui,https://youtu.be/shktAP6yldE,
Environnement,Biodiversité,Caractère ancestral,1012,1,non,non,22/02/2023,,,Groupe de travail,mp4,1,1,2,,,,oui,oui,oui,oui,oui,https://youtu.be/oQFJCV1bvJg,
Environnement,Biodiversité,Caractère dérivé,1013,1,non,non,22/02/2023,,,Groupe de travail,mp4,1,1,2,,,,oui,oui,oui,oui,oui,https://youtu.be/70VkM662ixk,
Environnement,Biodiversité,Convergence évolutive,1014,1,non ,non ,22/02/2023,,,Groupe de travail,mp4,1,1,2,, ,,oui,oui,oui,oui,oui,https://youtu.be/dBndmLkxRiM,
Mathématiques,Algèbre,Matrice bistochastique,1015,1,non,oui,18/03/2023,,,Séminaire,mp4,1,1,2,,,,oui,oui,oui,oui,non,https://youtu.be/GTJrt6ZKRT8,
Physique,Thermodynamique,Condensation liquide ,1016,2,non,oui,18/03/2023,,,Séminaire,mov,1,1,2,,,,oui,oui,oui,oui,non,https://youtu.be/MnFfTAiACq4,
Environnement,Géologie,Roche magmatique (ou ignée),1017,2,non,oui,18/03/2023,,,Séminaire,MTS,1,1,2,,,,oui,oui,oui,oui,non,https://youtu.be/eK77yRF3-4M,
Environnement,Géologie,Roche volcanique,1018,1,non,oui,18/03/2023,,,Séminaire,MTS,1,1,2,,,,oui,oui,oui,oui,non,https://youtu.be/X_xMSAVlO4k,
Environnement,Géologie,Roche plutonique,1019,1,non,oui,18/03/2023,,,Séminaire,MTS,1,1,2,,,,oui,oui,oui,oui,non,https://youtu.be/xwK4XthgfdQ,
Environnement,Géologie,Roche métamorphique,1020,2,non,oui,18/03/2023,,,Séminaire,MTS,1,1,2,,,,oui,oui,oui,oui,non,https://youtu.be/Ze2H2Rh6j-s,
Environnement,Géologie,Magma,1021,1,non,oui,18/03/2023,,,Séminaire,MTS,1,1,2,,,,oui,oui,oui,oui,non,https://youtu.be/PykaHRotdaE,
Environnement,Géologie,Manteau terrestre,1022,1,non,oui,18/03/2023,,,Séminaire,MTS,1,1,2,,,,oui,oui,oui,oui,non,https://youtu.be/ZCZUH1FgsgE,
Environnement,Géologie,Croûte océanique,1023,1,non,oui,18/03/2023,,,Séminaire,MTS,1,1,2,,,,oui,oui,oui,oui,non,https://youtu.be/AQadolJgCDc,
Environnement,Géologie,Croûte continentale,1024,1,non,oui,18/03/2023,,,Séminaire,MTS,1,1,2,,,,oui,oui,oui,oui,non,https://youtu.be/2mUi49e4dIk,
Environnement,Ingénierie Environnementale,Passoire thermique,1025,1,non,oui,18/03/2023,,,Séminaire,mov,1,1,2,,,,oui,oui,oui,oui,non,https://youtu.be/zOtKFKVHW5U,
Chimie,Générale,Corps,1026,1,non,oui,18/03/2023,,,Séminaire,mov,1,1,2,,,,oui,oui,oui,oui,non,https://youtu.be/jEVpNTItUus,
Technologie,Aéronautique,JUNO,1027,1,non,oui,18/03/2023,,,Séminaire,mov,1,1,2,,,,oui,oui,oui,oui,non,https://youtu.be/eG7Imsa5GM8,
Technologie,Mécanique  ,IRM,1028,1,non,oui,18/03/2023,,,Séminaire,mov,1,1,2,,,,oui,oui,oui,oui,non,https://youtu.be/QU5SeGK-H34,
Technologie,Mécanique  ,Scanner,1029,1,non,oui,18/03/2023,,,Séminaire,mov,1,1,2,,,,oui,oui,oui,oui,non,https://youtu.be/BIt7-Ow_XFQ,
Santé,Affections,Psychose,1030,1,non,oui,18/03/2023,,,Séminaire,mov,1,1,2,Refait,,,oui,oui,oui,oui,non,https://youtu.be/86tg92CfIy4,
Santé,Affections,Psychose,1031,2,non,oui,18/03/2023,,,Séminaire,mov,1,1,2,Refait,,,oui,oui,oui,oui,non,https://youtu.be/shM6BsGfzYo,
Informatique,Robotique,Chatbot,1032,1,non,oui,18/03/2023,,,Séminaire,mov,1,1,2,,,,oui,oui,oui,oui,non,https://youtu.be/oY0VSRfp_Lw,
Informatique,Programmation,Arborescence,1033,1,non,oui,18/03/2023,,,Séminaire,mp4,1,1,2,,,,oui,oui,oui,oui,non,https://youtu.be/O35ej_AUbjM,
Informatique,Robotique,Signbot,1034,1,non,oui,18/03/2023,,,Séminaire,mov,1,1,2,,,,oui,oui,oui,oui,non,https://youtu.be/Vag93iJIftc,
Informatique,Programmation,Notification,1035,1,non,oui,18/03/2023,,,Séminaire,mov,1,1,2,,,,oui,oui,oui,oui,non,https://youtu.be/VZ-bwqD8jSs,
Informatique,Programmation,Pop-up,1036,1,non,oui,18/03/2023,,,Séminaire,mov,1,1,2,,,,oui,oui,oui,oui,non,https://youtu.be/1nDvDF9bjNk,
Informatique,Programmation,Héritage,1037,1,non ,oui,18/03/2023,,,Séminaire,MTS,1,1,2,,,,oui,oui,oui,oui,non,https://youtu.be/X9cbx7x2oMY,
Physique,Astronomie,Pollution lumineuse,1038,1,non,oui,18/03/2023,,,Séminaire,mov,1,1,2,,,,oui,oui,oui,oui,non,https://youtu.be/9-3tWBoZaTs,
Technologie,Aéronautique,JUICE,1039,1,non,oui,18/03/2023,,,Séminaire,mov,1,1,2,,,,oui,oui,oui,oui,non,https://youtu.be/sxMY7hj4J-U,
Environnement,Géologie,Cristal xénomorphe,1040,1,non,oui,18/03/2023,,,Séminaire,MTS,1,1,2,,,,oui,oui,oui,oui,non,https://youtu.be/eABoIHfWqFE,
Environnement,Géologie,Cristal automorphe,1041,1,oui,oui,18/03/2023,,,Séminaire,MTS,1,1,2,,,,oui,oui,oui,oui,non,https://youtu.be/efu1DOhvPHo,
Santé,Affections,Prosopagnosie,1042,1,non,oui,18/03/2023,,,Séminaire,mp4,1,1,2,,,,oui,oui,oui,oui,non,https://youtu.be/tIUG57feqmM,
Informatique,Logiciels,Teams,1043,1,non ,oui,18/03/2023,,,Séminaire,MTS,1,1,2,,,,oui,oui,oui,oui,non,https://youtu.be/1pnyYu18yuQ,
Informatique,Logiciels,CISCO,1044,1,non,oui,18/03/2023,,,Séminaire,MTS,1,1,2,,,,oui,oui,oui,oui,non,https://youtu.be/3pGYzg75FoQ,
Santé,Anatomie,Aorte ,1045,1,non,oui,18/03/2023,,,Séminaire,MTS,1,1,2,,,,oui,oui,oui,oui,non,https://youtu.be/cXKb1DqtOk0,
Santé,Traitements,Stomatologie,1046,1,non,oui,18/03/2023,,,Séminaire,MTS,1,1,2,,,,oui,oui,oui,oui,non,https://youtu.be/fcxF78pKyo4,
Santé,Affections,Bruxisme,1047,1,non,oui,18/03/2023,,,Séminaire,MTS,1,1,2,,,,oui,oui,oui,oui,non,https://youtu.be/QjaLWuP5AA0,
Mathématiques,Arithmétique,Supérieur à,1048,1,non,oui,18/03/2023,,,Séminaire,mp4,1,1,2,,,,oui,oui,oui,oui,non,https://youtu.be/xR_TX6tLut4,
Mathématiques,Arithmétique,Strictement supérieur à,1049,1,non,oui,18/03/2023,,,Séminaire,mp4,1,1,2,,,,oui,oui,oui,oui,non,https://youtu.be/7tJdgK0qQlw,
Mathématiques,Arithmétique,Inférieur à,1050,1,non,oui,18/03/2023,,,Séminaire,mp4,1,1,2,,,,oui,oui,oui,oui,non,https://youtu.be/D7DBMujsZ7A,
Mathématiques,Arithmétique,Strictement inférieur à,1051,1,non,oui,18/03/2023,,,Séminaire,mp4,1,1,2,,,,oui,oui,oui,oui,non,https://youtu.be/5nQioaDqiwI,
Mathématiques,Algèbre,Matrice stochastique,1052,1,non,oui,18/03/2023,,,Séminaire,mp4,1,1,2,,,,oui,oui,oui,oui,non,https://youtu.be/8wJogs9IBhs,
Mathématiques,Algèbre,Trace,1053,1,non,oui,18/03/2023,,,Séminaire,mp4,1,1,2,,,,oui,oui,oui,oui,non,https://youtu.be/kiv3Opt3keo,
Informatique,Cybersécurité,Spam,1054,1,non,oui,18/03/2023,,,Séminaire,MTS,1,1,2,,,,oui,oui,oui,oui,non,https://youtu.be/S2C2dVQhDNk,
Informatique,Logiciels,Photoshop,1055,1,non,oui,18/03/2023,,,Séminaire,MTS,1,1,2,,,,oui,oui,oui,oui,non,https://youtu.be/GEpV9QkfGZI,
Mathématiques,Arithmétique,Egalité,1056,1,non,oui,18/03/2023,,,Séminaire,mp4,1,1,2,,,,oui,oui,oui,oui,non,https://youtu.be/7-_9bWSHc58,
Informatique,Logiciels,Zoom,1057,1,non,oui,18/03/2023,,,Séminaire,MTS,1,1,2,vidéo introuvable ,,,oui,oui,oui,oui,non,,
Mathématiques,Arithmétique,Inégalité,1058,1,non,oui,18/03/2023,,,Séminaire,mp4,1,1,2,,,,oui,oui,oui,oui,non,https://youtu.be/tr9FbB7WJFA,
Santé,Anatomie,Ganglion lymphatique,1059,1,non,oui,18/03/2023,,,Séminaire,MTS,1,1,2,,,,oui,oui,oui,oui,non,https://youtu.be/jyuayxXIo5Q,
Informatique,Réseau,Serveur,1060,1,non,oui,18/03/2023,,,Séminaire,MTS,1,1,2,,,,oui,oui,oui,oui,non,https://youtu.be/XCayTBA9zLM,
Environnement,Géologie,Schistosité,1061,1,non,oui,18/03/2023,,,Séminaire,MTS,1,1,2,,,,oui,oui,oui,oui,non,https://youtu.be/dLohCWd2e8I,
Environnement,Géologie,Schiste,1062,1,non,oui,18/03/2023,,,Séminaire,MTS,1,1,2,,,,oui,oui,oui,oui,non,https://youtu.be/XqM8TGDuKrI,
Environnement,Géologie,Strate,1063,1,non,oui,18/03/2023,,,Séminaire,MTS,1,1,2,,,,oui,oui,oui,oui,non,https://youtu.be/qoYfijNsG84,
Environnement,Géologie,Couches stratigraphiques,1064,1,non ,oui,18/03/2023,,,Séminaire,MTS,1,1,2,,,,oui,oui,oui,oui,non,https://youtu.be/Qpo9rTuzCTw,
Environnement,Géologie,Gaz de schiste,1065,1,non,non,19/03/2023,,,Séminaire,mp4,1,1,2,Vidéo refaite,,,oui,oui,oui,oui,non,https://youtu.be/VSlEzd_Rd9c,
Sciences de la Vie,Cellulaire,Granulocyte,1066,,non,oui,24/05/2023,,,Groupe de travail,mp4,1,1,2,,,,oui,oui,oui,oui,,https://youtu.be/hFgqpJW-lOw,
Sciences de la Vie,Cellulaire,Granulocyte basophile,1067,,non,oui,24/05/2023,,,Groupe de travail,mp4,1,1,2,,,,oui,oui,oui,oui,,https://youtu.be/WctxGvQVb6o,
Sciences de la Vie,Cellulaire,Granulocyte neutrophile,1068,,non,oui,24/05/2023,,,Groupe de travail,mp4,1,1,2,,,,oui,oui,oui,oui,,https://youtu.be/7do_GdIfmFs,
Sciences de la Vie,Microbiologie,Leucocyte,1069,1,non,oui,22/11/2023,,,Groupe de travail,mov,1,1,2,,,,oui,oui,oui,oui,oui,https://youtu.be/a1RN5DOXcMY,
Sciences de la Vie,Microbiologie,Ligand,1070,1,non,oui,22/11/2023,,,Groupe de travail,mov,1,1,2,,,,oui,oui,oui,oui,oui,https://youtu.be/o3hKZRdTf7s,
Sciences de la Vie,Microbiologie,Lymphocyte,1071,1,non,oui,22/11/2023,,,Groupe de travail,mp4,1,1,2,,,,oui,oui,oui,oui,oui,https://youtu.be/91i7eJGTmOc,
Sciences de la Vie,Microbiologie,Lymphocyte mémoire,1072,1,non,oui,22/11/2023,,,Groupe de travail,mp4,1,1,2,,,,oui,oui,oui,oui,oui,https://youtu.be/Tl2rb2Zvilo,
Sciences de la Vie,Microbiologie,Lymphocyte T4,1073,1,non,oui,22/11/2023,,,Groupe de travail,mp4,1,1,2,,,,oui,oui,oui,oui,oui,https://youtu.be/cmw59-Ls_2s,
Sciences de la Vie,Microbiologie,Lymphocyte T8,1074,1,non,oui,22/11/2023,,,Groupe de travail,mp4,1,1,2,,,,oui,oui,oui,oui,oui,https://youtu.be/WOE2Bc4mTUo,
Sciences de la Vie,Microbiologie,Monocyte,1075,1,non,oui,22/11/2023,,,Groupe de travail,mov,1,1,2,,,,oui,oui,oui,oui,oui,https://youtu.be/Td97wb1ZOxA,
Informatique,Cybersécurité,Spam,1076,2,non,oui,05/12/2023,,,Formation,mp4,1,1,2,,,,oui,oui,oui,oui,,https://youtu.be/eBcizmoJ_ic,
Informatique,Cybersécurité,Scam,1077,1,non,oui,05/12/2023,,,Formation,mp4,1,1,2,,,,oui,oui,oui,oui,,https://youtu.be/HvmNGGDSD0U,
Informatique,Cybersécurité,Phishing,1078,2,non,oui,05/12/2023,,,Formation,mp4,1,1,2,,,,oui,oui,oui,oui,,https://youtu.be/YMFzmBuMRXw,
Informatique,Matériel Informatique,Programme,1079,1,non,oui,05/12/2023,,,Formation,mp4,1,1,2,,,,oui,oui,oui,oui,,https://youtu.be/hsojAgPFYzY,
Informatique,Cybersécurité,Logiciel malveillant,1080,1,oui,non,05/12/2023,,,Formation,mp4,1,1,2,,,,oui,oui,oui,oui,,https://youtu.be/DwwYYCrGPmk,
Informatique,Cybersécurité,Hacker,1081,2,non,oui,05/12/2023,,,Formation,mp4,1,1,2,,,,oui,oui,oui,oui,,https://youtu.be/mW3qqCFNK0o,
Informatique,Matériel Informatique,Fichier,1082,1,non,oui,05/12/2023,,,Formation,mp4,1,1,2,,,,oui,oui,oui,oui,,https://youtu.be/U3cql9SNNIM,
Informatique,Matériel Informatique,Dossier,1083,1,non,oui,05/12/2023,,,Formation,mp4,1,1,2,,,,oui,oui,oui,oui,,https://youtu.be/g4hFB9Hv208,
Informatique,Matériel Informatique,Archive,1084,1,non,oui,05/12/2023,,,Formation,mp4,1,1,2,,,,oui,oui,oui,oui,,https://youtu.be/Z8kDP5Mzwes,
Informatique,Cybersécurité,Cybersécurtié,1085,3,non,oui,05/12/2023,,,Formation,mp4,1,1,2,,,,oui,oui,oui,oui,,https://youtu.be/PM8Oy_s_JIE,
Informatique,Cybersécurité,Cybermenace,1086,1,non,oui,05/12/2023,,,Formation,mp4,1,1,2,,,,oui,oui,oui,oui,,https://youtu.be/5dMVFCjOZ14,
Informatique,Cybersécurité,Cyberattaque,1087,1,non,oui,05/12/2023,,,Formation,mp4,1,1,2,,,,oui,oui,oui,oui,,https://youtu.be/KFCw-M4e36Q,
Environnement,Géologie,Minerai,1088,1,non,oui,10/12/2023,,,Séminaire,mp4,1,1,2,,,,oui,oui,oui,oui,,https://youtu.be/YIXdQwXAXWo,
Environnement,Géologie,Terril,1089,1,non,oui,10/12/2023,,,Séminaire,mp4,1,1,2,,,,oui,oui,oui,oui,,https://youtu.be/aUbFf3MMQkg,
Environnement,Géologie,Scorie,1090,1,non,oui,10/12/2023,,,Séminaire,mp4,1,1,2,,,,oui,oui,oui,oui,,https://youtu.be/nADoidNF7qA,
Environnement,Géologie,Ambre,1091,1,non,oui,10/12/2023,,,Séminaire,mp4,1,1,2,,,,oui,oui,oui,oui,,https://youtu.be/wzpm5EAo9m0,
Environnement,Géologie,Lessivage,1092,1,non,oui,10/12/2023,,,Séminaire,mp4,1,1,2,,,,oui,oui,oui,oui,,https://youtu.be/sT1Ji5PVlUs,
Technologie,Mécanique industrielle,Brevet,1093,1,non,oui,10/12/2023,,,Séminaire,mp4,1,1,2,,,,oui,oui,oui,oui,,https://youtu.be/G9p2qxdZtZs,
Sciences de la Vie,Botanique,Résine,1094,1,non,oui,10/12/2023,,,Séminaire,mp4,1,1,2,,,,oui,oui,oui,oui,,https://youtu.be/zcIKxwxEIlY,
Environnement,Ecologie,Merle à plastron,1095,1,,,10/02/2024,,,Groupe de travail,mp4,1,1,2,,,,oui,oui,oui,oui,,https://youtu.be/O2l0PIAw28A,
Environnement,Géologie,Fossile,1096,2,non ,oui,10/02/2024,,,Groupe de travail,mp4,1,1,2,Refait à Lyon 10/02/24 ,,,oui,oui,oui,oui,non,https://youtu.be/rSB7n8KjX2c,
Environnement,Ecologie,Accenteur mouchet,1097,1,,,10/02/2024,,,Groupe de travail,mp4,1,1,2,,,,oui,oui,oui,oui,,https://youtu.be/-bNAvx3Nsfs,
Environnement,Paléontologie,Ammonite,1098,1,,,10/02/2024,,,Groupe de travail,mp4,1,1,2,,,,oui,oui,oui,oui,,https://youtu.be/bl1_NCeoZ1U,
Environnement,Paléontologie,Ankylosaure,1099,1,,,10/02/2024,,,Groupe de travail,mp4,1,1,2,,,,oui,oui,oui,oui,,https://youtu.be/-lrEazoXnAs,
Environnement,Paléontologie,Archeopteryx,1100,1,,,10/02/2024,,,Groupe de travail,mp4,1,1,2,,,,oui,oui,oui,oui,,https://youtu.be/AXh5RbvOJM0,
Environnement,Ecologie,Autruche,1101,1,,,10/02/2024,,,Groupe de travail,mp4,1,1,2,,,,oui,oui,oui,oui,,https://youtu.be/cPlIXchum7E,
Environnement,Ecologie,Corbeau freux,1102,1,,,10/02/2024,,,Groupe de travail,mp4,1,1,2,,,,oui,oui,oui,oui,,https://youtu.be/61UPcKWyjFo,
Environnement,Ecologie,Corneille,1103,1,,,10/02/2024,,,Groupe de travail,mp4,1,1,2,,,,oui,oui,oui,oui,,https://youtu.be/TI3EFcddfo0,
Sciences de la Vie,Génétique,Adénine,1104,1,non,oui,10/02/2024,,,Groupe de travail,mp4,1,1,2,Refait à Lyon 10/02/24,,,oui,oui,oui,oui,oui,https://youtu.be/PzvdVm9a5Rw,
Environnement,Paléontologie,Diplodicus,1105,1,,,10/02/2024,,,Groupe de travail,mp4,1,1,2,,,,oui,oui,oui,oui,,https://youtu.be/kmyUemvUiJo,
Environnement,Paléontologie,Dinosaure,1106,1,,,10/02/2024,,,Groupe de travail,mp4,1,1,2,,,,oui,oui,oui,oui,,https://youtu.be/T4C3Kvw-qLM,
Environnement,Ecologie,Etourneau sansonnet,1107,1,,,10/02/2024,,,Groupe de travail,mp4,1,1,2,,,,oui,oui,oui,oui,,https://youtu.be/P4I4eBJcnKo,
Environnement,Ecologie,Geai des chênes,1108,1,,,10/02/2024,,,Groupe de travail,mp4,1,1,2,,,,oui,oui,oui,oui,,https://youtu.be/QVrxG81CSmE,
Sciences de la Vie,Génétique,Uracile,1109,1,non,oui,10/02/2024,,,Groupe de travail,mp4,1,1,2,Refait à Lyon 10/02/24,,,oui,oui,oui,oui,oui,https://youtu.be/JJ7T6qAuKBU,
Environnement,Paléontologie,Giraffatitan,1110,1,,,10/02/2024,,,Groupe de travail,mp4,1,1,2,,,,oui,oui,oui,oui,,https://youtu.be/k08nrnO0ZNc,
Sciences de la Vie,Cellulaire,Lipide,1111,1,non,oui,10/02/2024,,,Groupe de travail,mp4,1,1,2,Refait à Lyon 10/02/24,,,oui,oui,oui,oui,non,https://youtu.be/6hiGn4VwtK0,
Environnement,Ecologie,Grand corbeau,1112,1,,,10/02/2024,,,Groupe de travail,mp4,1,1,2,,,,oui,oui,oui,oui,,https://youtu.be/lg1eFzLRrGc,
Environnement,Ecologie,Grimpereau,1113,1,,,10/02/2024,,,Groupe de travail,mp4,1,1,2,,,,oui,oui,oui,oui,,https://youtu.be/20mRVxeD6xs,
Sciences de la Vie,Cellulaire,Diglycéride,1114,1,non,oui,10/02/2024,,,Groupe de travail,mp4,1,1,2,Refait à Lyon 10/02/24,,,oui,oui,oui,oui,oui,https://youtu.be/U9uNAINWNnA,
Environnement,Ecologie,Grimpereau des bois,1115,1,non,non,10/02/2024,,,Groupe de travail,mp4,1,1,2,,,,oui,oui,oui,oui,,https://youtu.be/jM0Ps_cRd0M,
Sciences de la Vie,Cellulaire,Triglycéride,1116,1,non,oui,10/02/2024,,,Groupe de travail,mp4,1,1,2,Refait à Lyon 10/02/24,,,oui,oui,oui,oui,non,https://youtu.be/T0NiSfXd_qM,
Environnement,Ecologie,Grimpereau des jardins,1117,1,non,non,10/02/2024,,,Groupe de travail,mp4,1,1,2,,,,oui,oui,oui,oui,,https://youtu.be/3ZLfUzp0MdM,
Sciences de la Vie,Génétique,Acide gras,1118,1,,,10/02/2024,,,Groupe de travail,mp4,1,1,2,,,,oui,oui,oui,oui,,https://youtu.be/Z0YvhsM7Vp4,
Environnement,Ecologie,Merle,1119,1,,,10/02/2024,,,Groupe de travail,mp4,1,1,2,,,,oui,oui,oui,oui,,https://youtu.be/BthKpj6NNwY,
Environnement,Ecologie,Merle noir,1120,1,,,10/02/2024,,,Groupe de travail,mp4,1,1,2,,,,oui,oui,oui,oui,,https://youtu.be/FcdMVA-pqrw,
Environnement,Ecologie,Mésange,1121,1,,,10/02/2024,,,Groupe de travail,mp4,1,1,2,,,,oui,oui,oui,oui,,https://youtu.be/cygnSoky-g4,
Environnement,Ecologie,Mésange à longue queue,1122,1,,,10/02/2024,,,Groupe de travail,mp4,1,1,2,,,,oui,oui,oui,oui,,https://youtu.be/qbcYVDE2zFo,
Environnement,Ecologie,Mésange boréale,1123,1,,,10/02/2024,,,Groupe de travail,mp4,1,1,2,,,,oui,oui,oui,oui,,https://youtu.be/DCavAdbCdqo,
Environnement,Ecologie,Mésange huppée,1124,1,,,10/02/2024,,,Groupe de travail,mp4,1,1,2,,,,oui,oui,oui,oui,,https://youtu.be/b7WNO10Yt0E,
Environnement,Ecologie,Mésange noire,1125,1,,,10/02/2024,,,Groupe de travail,mp4,1,1,2,,,,oui,oui,oui,oui,,https://youtu.be/iMwLLPlaLqM,
Environnement,Ecologie,Mésange nonnette,1126,1,,,10/02/2024,,,Groupe de travail,mp4,1,1,2,,,,oui,oui,oui,oui,,https://youtu.be/AEfXO51xa5U,
Environnement,Paléontologie,Fossile,1127,2,,,10/02/2024,,,Groupe de travail,mp4,1,1,2,,,,oui,oui,oui,oui,,https://youtu.be/KLF9NcxJ4fE,
Environnement,Paléontologie,Mosasaure,1128,1,,,10/02/2024,,,Groupe de travail,mp4,1,1,2,,,,oui,oui,oui,oui,,https://youtu.be/e_zLkXa9KBA,
Environnement,Paléontologie,Oviraptor,1129,1,,,10/02/2024,,,Groupe de travail,mp4,1,1,2,,,,oui,oui,oui,oui,,https://youtu.be/61HbiH7Y_AE,
Environnement,Paléontologie,Pachycéphalosaure,1130,1,,,10/02/2024,,,Groupe de travail,mp4,1,1,2,,,,oui,oui,oui,oui,,https://youtu.be/RSb0Z7IvYVQ,
Environnement,Paléontologie,Parasauroloplus,1131,1,,,10/02/2024,,,Groupe de travail,mp4,1,1,2,,,,oui,oui,oui,oui,,https://youtu.be/1rRoSTqP5bI,
Environnement,Ecologie,Pingouin,1132,1,,,10/02/2024,,,Groupe de travail,mp4,1,1,2,,,,oui,oui,oui,oui,,https://youtu.be/1NUQLl9OwxY,
Environnement,Paléontologie,Plésiosaure,1133,1,,,10/02/2024,,,Groupe de travail,mp4,1,1,2,,,,oui,oui,oui,oui,,https://youtu.be/s01RIzpneao,
Environnement,Paléontologie,Ptérodactyle,1134,1,,,10/02/2024,,,Groupe de travail,mp4,1,1,2,,,,oui,oui,oui,oui,,https://youtu.be/W0Ox8rrucOI,
Environnement,Ecologie,Sitelle torchepot,1135,1,,,10/02/2024,,,Groupe de travail,mp4,1,1,2,,,,oui,oui,oui,oui,,https://youtu.be/ohUhx81LSRU,
Environnement,Paléontologie,Spinosaure,1136,1,,,10/02/2024,,,Groupe de travail,mp4,1,1,2,,,,oui,oui,oui,oui,,https://youtu.be/pHMLl9_1npQ,
Santé,Anatomie,Alvéole pulmonaire,1137,1,,,10/02/2024,,,Groupe de travail,mp4,1,1,2,,,,oui,oui,oui,oui,,https://youtu.be/L24iYOFtDOY,
Environnement,Paléontologie,Stégosaure,1138,1,,,10/02/2024,,,Groupe de travail,mp4,1,1,2,,,,oui,oui,oui,oui,,https://youtu.be/qM9gJ6INrCM,
Santé,Anatomie,Aorte,1139,2,,,10/02/2024,,,Groupe de travail,mp4,1,1,2,,,,oui,oui,oui,oui,,https://youtu.be/5NFYk4mnj0Q,
Environnement,Paléontologie,Tricératops,1140,1,,,10/02/2024,,,Groupe de travail,mp4,1,1,2,,,,oui,oui,oui,oui,,https://youtu.be/XK8rAOfxeI4,
Santé,Anatomie,Artère,1141,2,,,10/02/2024,,,Groupe de travail,mp4,1,1,2,,,,oui,oui,oui,oui,,https://youtu.be/YVzqRXuOVEc,
Environnement,Paléontologie,Tyrannosaure Rex,1142,1,,,10/02/2024,,,Groupe de travail,mp4,1,1,2,,,,oui,oui,oui,oui,,https://youtu.be/0yTTKZmDEiU,
Santé,Anatomie,Capillaire,1143,1,,,10/02/2024,,,Groupe de travail,mp4,1,1,2,,,,oui,oui,oui,oui,,https://youtu.be/t91ExIGATb4,
Environnement,Paléontologie,Vélociraptor,1144,1,,,10/02/2024,,,Groupe de travail,mp4,1,1,2,,,,oui,oui,oui,oui,,https://youtu.be/4X-h-t8t8fk,
Santé,Anatomie,Double circulation,1145,1,,,10/02/2024,,,Groupe de travail,mp4,1,1,2,,,,oui,oui,oui,oui,,https://youtu.be/-m3XJ3u05xo,
Environnement,Paléontologie,Dinosaure,1146,2,,,10/02/2024,,,Groupe de travail,mp4,1,1,2,,,,oui,oui,oui,oui,,https://youtu.be/HZzQF8h0NLs,
Santé,Anatomie,Drépanocytose,1147,1,,,10/02/2024,,,Groupe de travail,mp4,1,1,2,,,,oui,oui,oui,oui,,https://youtu.be/mD7ON2CpA7w,
Santé,Anatomie,Ganglions,1148,1,,,10/02/2024,,,Groupe de travail,mp4,1,1,2,,,,oui,oui,oui,oui,,https://youtu.be/Gio3yEyXlmQ,
Santé,Anatomie,Hématopoïèse,1149,1,,,10/02/2024,,,Groupe de travail,mp4,1,1,2,,,,oui,oui,oui,oui,,https://youtu.be/dtw8AeVCA_A,
Santé,Anatomie,Homéostasie,1150,1,,,10/02/2024,,,Groupe de travail,mp4,1,1,2,,,,oui,oui,oui,oui,,https://youtu.be/D8Trh4iNnL4,
Santé,Anatomie,Moelle épinière,1151,1,,,10/02/2024,,,Groupe de travail,mp4,1,1,2,,,,oui,oui,oui,oui,,https://youtu.be/9JnYG_GE_O0,
Santé,Anatomie,Plaquette,1152,1,,,10/02/2024,,,Groupe de travail,mp4,1,1,2,,,,oui,oui,oui,oui,,https://youtu.be/a_vitCbPbMM,
Santé,Anatomie,Plasma,1153,1,,,10/02/2024,,,Groupe de travail,mp4,1,1,2,,,,oui,oui,oui,oui,,https://youtu.be/LlrFoY5d9Jg,
Santé,Anatomie,Système nerveux,1154,1,,,10/02/2024,,,Groupe de travail,mp4,1,1,2,,,,oui,oui,oui,oui,,https://youtu.be/pPTacgOHL84,
Santé,Anatomie,Système nerveux central,1155,1,,,10/02/2024,,,Groupe de travail,mp4,1,1,2,Vidéo corrigée,,,oui,oui,oui,oui,,https://youtu.be/i71NiU4-Odc,
Santé,Anatomie,Système nerveux périphérique,1156,1,,,10/02/2024,,,Groupe de travail,mp4,1,1,2,,,,oui,oui,oui,oui,,https://youtu.be/KCZ4qzGjUGU,
Santé,Anatomie,Vaisseau sanguin,1157,1,,,10/02/2024,,,Groupe de travail,mp4,1,1,2,,,,oui,oui,oui,oui,,https://youtu.be/DgtqBXZHytQ,
Santé,Anatomie,Veine,1158,1,,,10/02/2024,,,Groupe de travail,mp4,1,1,2,,,,oui,oui,oui,oui,,https://youtu.be/Q5rjg1oIbcc,
Environnement,Ecologie,Upcycling,1159,1,,,01/03/2024,,,Séminaire,mp4,1,1,2,,,,oui,oui,oui,oui,non,https://youtu.be/R-iURS_DDhc,
Technologie,Métrologie,Projection orthogonale,1160,1,oui,oui,30/03/2024,,,Séminaire,,,,0,,,,oui,oui,oui,oui,,https://youtu.be/EqRyJt-LzPo,
Informatique,Logiciels,Microsoft,1161,1,oui,oui,30/03/2024,,,Séminaire,,,,0,,,,oui,oui,oui,oui,,https://youtu.be/NpS3MrSbgrY,
Informatique,Matériel Informatique,Domotique,1162,1,oui,oui,30/03/2024,,,Séminaire,,,,0,,,,oui,oui,oui,oui,,https://youtu.be/V5LO1rCL_qE,
Informatique,Réseau,Bluetooth,1163,1,oui,oui,30/03/2024,,,Séminaire,,,,0,,,,oui,oui,oui,oui,,https://youtu.be/4vSBRwinKyc,
Informatique,Logiciels,Matlab,1164,1,non,oui,30/03/2024,,,Séminaire,,,,0,,,,oui,oui,oui,oui,,https://youtu.be/M1tO1pQvrIA,
Physique,Classique,Albédo,1165,1,oui,oui,30/03/2024,,,Séminaire,,,,0,,,,oui,oui,oui,oui,,https://youtu.be/BnMtya6tSI8,
Physique,Nucléaire,Radioactivité,1166,1,oui,oui,30/03/2024,,,Séminaire,,,,0,,,,oui,oui,oui,oui,,https://youtu.be/1SRhcgrjvmY,
Physique,Thermodynamique,Déshydratation,1167,1,non,oui,30/03/2024,,,Séminaire,,,,0,utuiliser le 1er signe comme rappel,,,oui,oui,oui,oui,,https://youtu.be/UptuWDf3Q0A,
Physique,Electronique,CAN (convertisseur analogique numérique),1168,1,non,non,30/03/2024,,,Séminaire,,,,0,,,,oui,oui,oui,oui,,https://youtu.be/Se5BrNjcTxA,
Physique,Electronique,CNA,1169,1,non,non,30/03/2024,,,Séminaire,,,,0,,,,oui,oui,oui,oui,,https://youtu.be/EiQNetymvHY,
Physique,Electronique,Asservissement,1170,1,non,oui,30/03/2024,,,Séminaire,,,,0,,,,oui,oui,oui,oui,,https://youtu.be/QmLqlQMoahk,
Santé,Anatomie,Biais cognitif,1171,,,,30/03/2024,,,Séminaire,,,,0,,,,oui,oui,oui,oui,,https://youtu.be/qGPf_Q1QA1U,
Environnement,Géologie,Banquise,1172,2,non,oui,30/03/2024,,,Séminaire,,,,0,,,,oui,oui,oui,oui,,https://youtu.be/mlmXpH5eP80,
Physique,Electronique,Amplificateur,1173,,,,30/03/2024,,,Séminaire,,,,0,,,,oui,oui,oui,oui,,https://youtu.be/KShUl0zHdHw,
Informatique,Matériel Informatique,Tablette,1174,,,,30/03/2024,,,Séminaire,,,,0,,,,oui,oui,oui,oui,,https://youtu.be/gt20tRD3jHY,
Informatique,Réseau,Partage de connexion,1175,,oui,non,30/03/2024,,,Séminaire,,,,0,,,,oui,oui,oui,oui,,https://youtu.be/IkWpKJU_z1c,
Informatique,Logiciels,Maple,1176,,,,30/03/2024,,,Séminaire,,,,0,,,,oui,oui,oui,oui,,https://youtu.be/bnDfQyaytko,
Mathématiques,Arithmétique,Nul,1177,1,non,oui,30/03/2024,,,Séminaire,,,,0,,,,oui,oui,oui,oui,,https://youtu.be/qWO-5Xw5huk,
Mathématiques,Géométrie,Polyèdre,1178,1,non,oui,30/03/2024,,,Séminaire,,,,0,,,,oui,oui,oui,oui,,https://youtu.be/yFpIdWGKyuU,
Mathématiques,Géométrie,Tétraèdre,1179,1,oui,oui,30/03/2024,,,Séminaire,,,,0,,,,oui,oui,oui,oui,,https://youtu.be/kNo7HOhekCE,
Mathématiques,Raisonnement,Contradiction,1180,2,non,oui,30/03/2024,,,Séminaire,,,,0,,,,oui,oui,oui,oui,,https://youtu.be/eU0-LNxQQg4,
Mathématiques,Raisonnement,Disjonction des cas,1181,1,non,oui,30/03/2024,,,Séminaire,,,,0,,,,oui,oui,oui,oui,,https://youtu.be/LZLwhJDba9I,
Mathématiques,Algèbre,Matrice orthogonale,1182,1,,,30/03/2024,,,Séminaire,,,,0,,,,oui,oui,oui,oui,,https://youtu.be/lKN4YrZpjoQ,
Mathématiques,Géométrie,Projection orthogonale,1183,1,,,30/03/2024,,,Séminaire,,,,0,,,,oui,oui,oui,oui,,https://youtu.be/fZM0Xp4dyGQ,
Mathématiques,Algèbre,Orthogonal,1184,1,oui,oui,30/03/2024,,,Séminaire,,,,0,,,,oui,oui,oui,oui,,https://youtu.be/wWgMaqapQ3c,
Mathématiques,Raisonnement,Condition nécessaire,1185,1,non,oui,30/03/2024,,,Séminaire,,,,0,,,,oui,oui,oui,oui,,https://youtu.be/w7aBDn-C50M,
Mathématiques,Raisonnement,Condition suffisante,1186,1,non,oui,30/03/2024,,,Séminaire,,,,0,,,,oui,oui,oui,oui,,https://youtu.be/whW2YxLUCBc,
Mathématiques,Algèbre,Matrice de passage,1187,1,non,oui,30/03/2024,,,Séminaire,,,,0,,,,oui,oui,oui,oui,,https://youtu.be/njY4i_T35RY,
Mathématiques,Algèbre,Canonique,1188,1,non,oui,30/03/2024,,,Séminaire,,,,0,,,,oui,oui,oui,oui,,https://youtu.be/Mhh7AeF6HTo,
Mathématiques,Analyse,Variable muette,1189,1,non,oui,30/03/2024,,,Séminaire,,,,0,,,,oui,oui,oui,oui,,https://youtu.be/0-27qK3RAYE,
Mathématiques,Algèbre,Abélien,1190,1,non,oui,30/03/2024,,,Séminaire,,,,0,,,,oui,oui,oui,oui,,https://youtu.be/lJAQGoi_NbQ,
Mathématiques,Algèbre,Monogène,1191,1,non,oui,30/03/2024,,,Séminaire,,,,0,,,,oui,oui,oui,oui,,https://youtu.be/RnBDTyikkSw,
Mathématiques,Statistiques/Probabilités,Evénements indépendants,1192,1,non,oui,30/03/2024,,,Séminaire,,,,0,,,,oui,oui,oui,oui,,https://youtu.be/1OBVu2razPo,
Mathématiques,Analyse,Décomposition en éléments simples,1193,1,non,oui,30/03/2024,,,Séminaire,,,,0,,,,oui,oui,oui,oui,,https://youtu.be/PJsYlynG3mA,
Sciences de la Vie,Botanique,Pistil,1194,1,oui,oui,30/03/2024,,,Séminaire,,,,0,,,,oui,oui,oui,oui,,https://youtu.be/jrPR1DS2sw4,
Sciences de la Vie,Botanique,Etamine,1195,1,oui,oui,30/03/2024,,,Séminaire,,,,0,,,,oui,oui,oui,oui,,https://youtu.be/oWhmY1ixrMk,
Sciences de la Vie,Biochimie,Liposome,1196,1,non,oui,30/03/2024,,,Séminaire,,,,0,,,,oui,oui,oui,oui,,https://youtu.be/JFqGgMXanoU,
Sciences de la Vie,Cellulaire,Cellule sentinelle,1197,1,non,oui,30/03/2024,,,Séminaire,,,,0,,,,oui,oui,oui,oui,,https://youtu.be/S75jJNuusQc,
Sciences de la Vie,Cellulaire,Fibroblaste,1198,1,non,oui,30/03/2024,,,Séminaire,,,,0,,,,oui,oui,oui,oui,,https://youtu.be/joD2Y-MWsLk,
Sciences de la Vie,Cellulaire,Ovule,1199,1,non,oui,30/03/2024,,,Séminaire,,,,0,,,,oui,oui,oui,oui,,https://youtu.be/k22tvuYlNjM,
Sciences de la Vie,Cellulaire,Ovocyte,1200,1,non,oui,30/03/2024,,,Séminaire,,,,0,,,,oui,oui,oui,oui,,https://youtu.be/NzrBOqu3I0g,
Santé,Anatomie,Rétine,1201,1,non,oui,30/03/2024,,,Séminaire,,,,0,,,,oui,oui,oui,oui,,https://youtu.be/tVvH5M3oU4I,
Santé,Affections,Hépatite,1202,1,non,oui,30/03/2024,,,Séminaire,,,,0,,,,oui,oui,oui,oui,,https://youtu.be/yTxiffujDBA,
Santé,Anatomie,Cornée,1203,1,non,oui,30/03/2024,,,Séminaire,,,,0,,,,oui,oui,oui,oui,,https://youtu.be/dL-EeWVNtmA,
Santé,Physiologie,Paréidolie,1204,1,non,oui,30/03/2024,,,Séminaire,,,,0,,,,oui,oui,oui,oui,,https://youtu.be/OPLU60BZna0,
Santé,Anatomie,Embryon,1205,1,non,oui,30/03/2024,,,Séminaire,,,,0,,,,oui,oui,oui,oui,,https://youtu.be/r91qm9oO5sQ,
Santé,Anatomie,Follicule,1206,1,non,oui,30/03/2024,,,Séminaire,,,,0,,,,oui,oui,oui,oui,,https://youtu.be/C4ukeWMnv3g,
Santé,Affections,Fibrome utérin,1207,1,non,oui,30/03/2024,,,Séminaire,,,,0,,,,oui,oui,oui,oui,,https://youtu.be/7OLBomkH9Pk,
Santé,Anatomie,Proprioception ,1208,1,non,oui,30/03/2024,,,Séminaire,,,,0,,,,oui,oui,oui,oui,,https://youtu.be/3WNwAoUnGww,
Santé,Anatomie,Cristallin,1209,1,non,oui,30/03/2024,,,Séminaire,,,,0,,,,oui,oui,oui,oui,,https://youtu.be/jgmpuVaxcvE,
Santé,Affections,Polype,1210,1,non,oui,30/03/2024,,,Séminaire,,,,0,,,,oui,oui,oui,oui,,https://youtu.be/e0Sdm5PT1qU,
Mathématiques,Statistiques/Probabilités,Classes,1211,1,non,oui,16/07/2024,,,Formation,mov,1,0,1,A refaire Deux signes en une vidéo,,,oui,,,,,,
Mathématiques,Statistiques/Probabilités,Graphique,1212,1,non,oui,16/07/2024,,,Formation,mov,1,1,2,,,,oui,oui,oui,oui,,https://youtu.be/Rt7aMnd41Gc,
Mathématiques,Statistiques/Probabilités,Nuage de points,1213,1,non,oui,16/07/2024,,,Formation,mov,1,1,2,,,,oui,oui,oui,oui,,https://youtu.be/2vMspcwTvVs,
Mathématiques,Statistiques/Probabilités,Paramètre,1214,1,non,oui,16/07/2024,,,Formation,mov,1,1,2,,,,oui,oui,oui,oui,,https://youtu.be/YC4PQwSR4Tc,
Mathématiques,Statistiques/Probabilités,Taux,1215,1,non,oui,16/07/2024,,,Formation,mov,1,0,1,A refaire Deux signes en une vidéo,,,oui,,,,,,
Mathématiques,Statistiques/Probabilités,Evenement,1216,1,non,oui,16/07/2024,,,Formation,mov,1,0,1,A refaire par STIM (droit à l'image sur Net),,,oui,,,,,,
Mathématiques,Statistiques/Probabilités,Exponentiel,1217,1,non,oui,16/07/2024,,,Formation,mov,1,0,1,A refaire par STIM (droit à l'image sur Net),,,oui,,,,,,
Mathématiques,Statistiques/Probabilités,Issues,1218,1,non,oui,16/07/2024,,,Formation,mov,1,0,1,A refaire par STIM (droit à l'image sur Net),,,oui,,,,,,
Technologie,Mécanique industrielle,Monitoring d'anesthésie,1219,1,non,oui,11/01/2024,,,Atelier,mp4,1,1,2,,*,,oui,Oui,Oui,Oui,,https://youtu.be/px_fcZUQ7Zk,
Santé,Traitements,Sédatif,1220,1,oui,oui,11/01/2024,,,Atelier,mp4,1,1,2,,*,,oui,Oui,Oui,Oui,,https://youtu.be/kgn_XmDg2UE,
Santé,Traitements,Analgésique,1221,1,oui,oui,11/01/2024,,,Atelier,mp4,1,1,2,,*,,oui,Oui,Oui,Oui,,https://youtu.be/lvGzvqoSd10,
Santé,Physiologie,Arythmie cardiaque,1222,1,non,oui,11/01/2024,,,Atelier,mp4,1,1,2,,*,,oui,Oui,Oui,Oui,,https://youtu.be/Q-N6eNnSXR8,
Santé,Physiologie,Tachycardie,1223,1,oui,oui,01/12/2024,,,Atelier,mp4,1,1,2,Refait au séminaire,*,,oui,Oui,Oui,Oui,,https://youtu.be/yoE0xlH0QqQ,
Santé,Physiologie,Bradycardie,1224,1,oui,oui,01/12/2024,,,Atelier,mp4,1,1,2,Refait au séminaire,*,,oui,Oui,Oui,Oui,,https://youtu.be/uQzGBb_eoGw,
Technologie,Mécanique industrielle,ECG - électrocardiographie,1225,1,oui,oui,11/01/2024,,,Atelier,mp4,1,1,2,,*,,oui,Oui,Oui,Oui,,https://youtu.be/vmiw7RnyUNs,
Environnement,Géologie,Pédologie,1226,1,oui,oui,11/01/2024,,,Atelier,mp4,1,1,2,,*,,oui,Oui,Oui,Oui,,https://youtu.be/RI3xovmIiWc,
Technologie,Mécanique industrielle,Modéliser,1227,1,oui,oui,01/11/2024,,,Séminaire,MTS,1,1,2,,*,,oui,Oui,Oui,Oui,,https://youtu.be/YQ1xqWG0NSg,
Technologie,Matériaux,Charpente,1228,1,oui,oui,01/11/2024,,,Séminaire,mp4,1,1,2,,*,,oui,Oui,Oui,Oui,,https://youtu.be/V-zGRTl3r-E,
Technologie,Matériaux,Charpente de marin,1229,1,oui,oui,01/11/2024,,,Séminaire,mp4,1,1,2,,*,,oui,Oui,Oui,Oui,,https://youtu.be/mdZahPOToUU,
Technologie,Matériaux,Placage,1230,1,oui,oui,01/11/2024,,,Séminaire,mp4,1,1,2,,*,,oui,Oui,Oui,Oui,,https://youtu.be/Jn27ShHs0v8,
Technologie,Matériaux,Massif,1231,1,oui,oui,01/11/2024,,,Séminaire,mp4,1,1,2,,*,,oui,Oui,Oui,Oui,,https://youtu.be/LFBYMlXsPec,
Sciences de la Vie,Botanique,Broussin,1232,1,oui,oui,01/11/2024,,,Séminaire,mp4,1,1,2,,*,,oui,Oui,Oui,Oui,,https://youtu.be/ZX9U5SXsgm8,
Sciences de la Vie,Botanique,Noeud,1233,1,oui,oui,01/11/2024,,,Séminaire,mp4,1,1,2,,*,,oui,Oui,Oui,Oui,,https://youtu.be/v_S6SsoDYeY,
Environnement,Géologie,Séisme,1234,2,oui,oui,01/11/2024,,,Séminaire,MTS,1,1,2,,*,,oui,Oui,Oui,Oui,,https://youtu.be/g_lHTxyLvqM,
Environnement,Géologie,Tremblement de terre,1235,1,oui,oui,01/11/2024,,,Séminaire,MTS,1,1,2,,*,,oui,Oui,Oui,Oui,,https://youtu.be/A37YoeECIsE,
Environnement,Paléontologie,Paléontologie,1236,1,oui,oui,01/11/2024,,,Séminaire,MTS,1,0,1,Explication non clair - à refaire https://drive.google.com/file/d/1CS2vN4rE6QDM29UoOJUFaYHuPsW9ojEq/view?usp=drive_link,,,oui,,,,,,
Environnement,Géologie,Planisphère,1237,1,oui,oui,01/11/2024,,,Séminaire,MTS,1,1,2,,*,,oui,Oui,Oui,Oui,,https://youtu.be/7cjvhbt30S8,
Environnement,Géologie,Cartographie,1238,1,oui,oui,01/11/2024,,,Séminaire,MTS,1,1,2,,,,oui,Oui,Oui,Oui,,https://youtu.be/chhBnaesvpI,
Environnement,Géologie,Calcaire,1239,1,oui,oui,01/11/2024,,,Séminaire,MTS,1,1,2,,*,,oui,Oui,Oui,Oui,,https://youtu.be/4swsFVeO6x4,
Environnement,Ecologie,Charognard,1240,1,oui,oui,01/11/2024,,,Séminaire,MTS,1,1,2,,*,,oui,Oui,Oui,Oui,,https://youtu.be/foITgs2sGAc,
Environnement,Ecologie,Gypaète barbu,1241,1,oui,oui,01/11/2024,,,Séminaire,mp4,1,1,2,,,,oui,Oui,Oui,Oui,,https://youtu.be/TnTZehnwsWI,
Environnement,Géologie,Tectonique,1242,1,oui,oui,01/11/2024,,,Séminaire,MTS,1,0,1,Attente clarification du terme exact,*,,oui,,,,,,
Environnement,Ecologie,LPO,1243,1,oui,oui,01/11/2024,,,Séminaire,MTS,1,1,2,,*,,oui,Oui,Oui,Oui,,https://youtu.be/anymS1zMSeE,
Chimie,Analytique,Spectrophotomètrie,1244,2,oui,oui,01/11/2024,,,Séminaire,mp4,1,1,2,,*,,oui,Oui,Oui,Oui,,https://youtu.be/YaTr0iPoz14,
Sciences de la Vie,Microbiologie,Aspergillus,1245,1,oui,oui,01/11/2024,,,Séminaire,mp4,1,1,2,,*,,oui,Oui,Oui,Oui,,https://youtu.be/r0nfjuLvboI,
Santé,Physiologie,Immunité,1246,1,oui,oui,01/11/2024,,,Séminaire,mp4,1,1,2,,*,,oui,Oui,Oui,Oui,,https://youtu.be/ft7juTDk01k,
Sciences de la Vie,Génétique,Consanguinité,1247,1,oui,oui,01/11/2024,,,Séminaire,mp4,1,1,2,,*,,oui,Oui,Oui,Oui,,https://youtu.be/N-WqqR-Wk28,
Santé,Physiologie,Physiologie,1248,1,oui,oui,01/11/2024,,,Séminaire,mp4,1,1,2,,*,,oui,Oui,Oui,Oui,,https://youtu.be/S5wPTmN9QVQ,
Sciences de la Vie,Biochimie,Substrat,1249,2,oui,oui,01/11/2024,,,Séminaire,mp4,1,1,2,,*,,oui,Oui,Oui,Oui,,https://youtu.be/ITZXa26Wi10,
Mathématiques,Comptabilité,Immobilisation,1250,1,oui,oui,01/11/2024,,,Séminaire,mp4,1,1,2,,*,,oui,Oui,Oui,Oui,,https://youtu.be/z9sF4MsRU6A,
Mathématiques,Comptabilité,Amortissement,1251,1,oui,oui,01/11/2024,,,Séminaire,mp4,1,1,2,,*,,oui,Oui,Oui,Oui,,https://youtu.be/z042pj9TVR0,
Mathématiques,Comptabilité,Compte,1252,1,oui,oui,01/11/2024,,,Séminaire,mp4,1,1,2,,*,,oui,Oui,Oui,Oui,,https://youtu.be/SAe0nZzC2u8,
Informatique,Logiciels,Git,1253,2,oui,oui,01/11/2024,,,Séminaire,m4v,1,1,2,,*,,oui,Oui,Oui,Oui,,https://youtu.be/688DmMAPPQs,
Informatique,Logiciels,API,1254,1,oui,oui,01/11/2024,,,Séminaire,m4v,1,1,2,,*,,oui,Oui,Oui,Oui,,https://youtu.be/WCxFkOOk51E,
Informatique,Cryptomonnaie,Blockchain,1255,1,oui,oui,01/11/2024,,,Séminaire,m4v,1,1,2,,*,,oui,Oui,Oui,Oui,,https://youtu.be/h7n7E2ozvGU,
Informatique,Cybersécurité,Cheval de Troie,1256,1,oui,oui,01/11/2024,,,Séminaire,m4v,1,1,2,,*,,oui,Oui,Oui,Oui,,https://youtu.be/fhnf37rqEGc,
Informatique,Cryptomonnaie,Mineur,1257,1,oui,oui,01/11/2024,,,Séminaire,m4v,1,1,2,,*,,oui,Oui,Oui,Oui,,https://youtu.be/dkth9PafcRo,
Informatique,Cybersécurité,Hack,1258,1,oui,oui,01/11/2024,,,Séminaire,m4v,1,1,2,,*,,oui,Oui,Oui,Oui,,https://youtu.be/SXRlGpwucdY,
Informatique,Cryptomonnaie,Cryptomonnaie,1259,1,oui,oui,01/11/2024,,,Séminaire,m4v,1,1,2,,*,,oui,Oui,Oui,Oui,,https://youtu.be/Xf94FWRW9tE,
Informatique,Cryptomonnaie,NFT,1260,1,oui,oui,01/11/2024,,,Séminaire,m4v,1,1,2,,*,,oui,Oui,Oui,Oui,,https://youtu.be/CUpZX9u8nLc,
Informatique,Cryptomonnaie,Blockchain,1261,2,oui,oui,01/11/2024,,,Séminaire,m4v,1,1,2,,*,,oui,Oui,Oui,Oui,,https://youtu.be/jIfJxoseRbs,
Informatique,Logiciels,Mistral AI,1262,1,oui,oui,01/11/2024,,,Séminaire,m4v,1,1,2,,*,,oui,Oui,Oui,Oui,,https://youtu.be/mtqrH890tMI,
Informatique,Cybersécurité,Ransomware,1263,1,oui,oui,01/11/2024,,,Séminaire,m4v,1,1,2,,*,,oui,Oui,Oui,Oui,,https://youtu.be/1PjU1IyXfmA,
Informatique,Logiciels,Plugin,1264,1,oui,oui,01/11/2024,,,Séminaire,m4v,1,1,2,,*,,oui,Oui,Oui,Oui,,https://youtu.be/WkM1Ep2gWWI,
Santé,Affections,Angine,1265,1,oui,oui,01/11/2024,,,Groupe de travail,mts,1,1,2,,,,Oui,Oui,Oui,Oui,,https://youtu.be/Ep2tbAoKd_Y,
Sciences de la Vie,Cellulaire,Antigène,1266,1,oui,oui,01/11/2024,,,Groupe de travail,mp4,1,1,1,,,,Oui,Oui,Oui,Oui,,https://youtu.be/Fl0JXY4jZEA,
Informatique,Logiciels,Full stack,1267,1,oui,oui,02/02/2025,,,Séminaire,mp4,1,0,1,,,,,Oui,Oui,Oui,,https://youtu.be/2Ycf7nM4Km4,
Informatique,Logiciels,Antivirus,1268,1,oui,oui,02/02/2025,,,Séminaire,mp4,1,1,2,,,,Oui,Oui,Oui,Oui,,https://youtu.be/4pTUeq5dObk,
Informatique,Algorithmique,Récursif,1269,1,oui,oui,02/02/2025,,,Séminaire,mp4,1,1,2,,,,Oui,Oui,Oui,Oui,,https://youtu.be/Q2CUPI1VxdM,
Informatique,Algorithmique,Itératif,1270,1,oui,oui,02/02/2025,,,Séminaire,mp4,1,1,2,,,,Oui,Oui,Oui,Oui,,https://youtu.be/U_egIwlMB5Q,
Informatique,Logiciels,Processus,1271,1,oui,oui,02/02/2025,,,Séminaire,mp4,1,1,2,,,,Oui,Oui,Oui,Oui,,https://youtu.be/1pHbtIicUB8,
Physique,Electronique,Pixel,1272,1,oui,oui,02/02/2025,,,Séminaire,mp4,1,1,2,,,,Oui,Oui,Oui,Oui,,https://youtu.be/9xq59Rco0Dk,
Informatique,Algorithmique,Machine Learning,1273,1,oui,oui,02/02/2025,,,Séminaire,mp4,1,1,2,,,,Oui,Oui,Oui,Oui,,https://youtu.be/-mt7yiLw-vg,
Informatique,Logiciels,Adobe,1274,1,oui,oui,02/02/2025,,,Séminaire,mp4,1,1,2,,,,Oui,Oui,Oui,Oui,,https://youtu.be/ZSIACCGeSzc,
Informatique,Matériel Informatique,Processeur,1275,1,oui,oui,02/02/2025,,,Séminaire,mp4,1,1,2,,,,Oui,Oui,Oui,Oui,,https://youtu.be/pcli-4nQOfc,
Informatique,Logiciels,Pare-feu,1276,1,oui,oui,02/02/2025,,,Séminaire,mp4,1,1,2,,,,Oui,Oui,Oui,Oui,,https://youtu.be/n9Mumjcl3SU,
Informatique,Logiciels,Captcha,1277,1,oui,oui,02/02/2025,,,Séminaire,mp4,1,0,1,Explications à refaire (si nous pouvons combiner les deux vidéos :) ),,,Oui,,,,,,
Informatique,Programmation,Thread,1278,2,oui,oui,02/02/2025,,,Séminaire,mp4,1,1,2,,,,Oui,Oui,Oui,Oui,,https://youtu.be/A4qCj-b911U,
Informatique,Programmation,Multithreads,1279,1,oui,oui,02/02/2025,,,Séminaire,mp4,1,1,2,,,,Oui,Oui,Oui,Oui,,https://youtu.be/uDeSPt6SD1Q,
Physique,Classique,Flux,1280,1,non,oui,02/02/2025,,,Séminaire,mp4,1,1,2,,,,Oui,Oui,Oui,Oui,,https://youtu.be/_qdm_Zbxsfo,
Physique,Classique,Fluide,1281,2,non,oui,02/02/2025,,,Séminaire,mp4,1,1,2,,,,Oui,Oui,Oui,Oui,,https://youtu.be/yo7TLszVnGE,
Physique,Thermodynamique,Fluide caloporteur,1282,2,non,oui,02/02/2025,,,Séminaire,mp4,1,1,2,,,,Oui,Oui,Oui,Oui,,https://youtu.be/2HwpxoGdvr0,
Physique,Mécanique  ,Tenseur,1283,1,non,oui,02/02/2025,,,Séminaire,mp4,1,1,2,,,,Oui,Oui,Oui,Oui,,https://youtu.be/YCT-dIcBGds,
Physique,Mécanique  ,Torseur,1284,1,non,oui,02/02/2025,,,Séminaire,mp4,1,1,2,,,,Oui,Oui,Oui,Oui,,https://youtu.be/0_IvFcn0BSk,
Environnement,Agronomie,Tanin,1285,1,non,oui,02/02/2025,,,Séminaire,mp4,1,1,2,,,,Oui,Oui,Oui,Oui,,https://youtu.be/K5UDVH4_8cU,
Physique,Classique,Charge,1286,1,non ,oui,02/02/2025,,,Séminaire,mp4,1,1,2,,,,Oui,Oui,Oui,Oui,,https://youtu.be/6dRFA6JicDo,
Physique,Mécanique  ,Degrés de liberté,1287,1,non,oui,02/02/2025,,,Séminaire,mp4,1,1,2,,,,Oui,Oui,Oui,Oui,,https://youtu.be/R38Sw6uMheo,
Environnement,Climatologie,La Niña,1288,1,non,oui,02/02/2025,,,Séminaire,mp4,1,1,2,,,,Oui,Oui,Oui,Oui,,https://youtu.be/zKSjzCKcN-w,
Santé,Affections,Aphte,1289,1,oui,oui,01/11/2024,,,Groupe de travail,mts,1,1,2,,,,Oui,Oui,Oui,Oui,,https://youtu.be/N360KMoKUGk,
Sciences de la Vie,Cellulaire,Appareil de Golgi,1290,2,oui,oui,01/11/2024,,,Groupe de travail,mp4,1,1,2,,,,Oui,Oui,Oui,Oui,,https://youtu.be/h-8bVRM5gaE,
Sciences de la Vie,Biochimie,Biopsie,1291,1,oui,oui,01/11/2024,,,Groupe de travail,mp4,1,1,2,,,,Oui,Oui,Oui,Oui,,https://youtu.be/DMknusKHBbo,
Santé,Anatomie,Cartilage (articulaire),1292,1,oui,oui,01/11/2024,,,Groupe de travail,mp4,1,1,2,,,,Oui,Oui,Oui,Oui,,https://youtu.be/M-vt-v83GBc,
Santé,Anatomie,Cartilage (squelette),1293,1,oui,oui,01/11/2024,,,Groupe de travail,mp4,1,1,2,,,,Oui,Oui,Oui,Oui,,https://youtu.be/skACD6bFCfA,
Santé,Affections,Chikungunya,1294,1,oui,oui,01/11/2024,,,Groupe de travail,mts,1,1,2,,,,Oui,Oui,Oui,Oui,,https://youtu.be/pXQXdeQQXE8,
Santé,Affections,Choléra,1295,1,oui,oui,01/11/2024,,,Groupe de travail,mts,1,1,2,,,,Oui,Oui,Oui,Oui,,https://youtu.be/498KmgASVrc,
Santé,Anatomie,Circonvolutions,1296,1,oui,oui,01/11/2024,,,Groupe de travail,mp4,1,1,2,,,,Oui,Oui,Oui,Oui,,https://youtu.be/g9ZoV0or_M0,
Santé,Affections,Conjonctivite,1297,1,oui,oui,01/11/2024,,,Groupe de travail,mts,1,1,2,,,,Oui,Oui,Oui,Oui,,https://youtu.be/Ef0P4QLcCt8,
Santé,Affections,Covid,1298,1,oui,oui,01/11/2024,,,Groupe de travail,mts,1,1,2,,,,Oui,Oui,Oui,Oui,,https://youtu.be/iymxqw7Lpt4,
Santé,Anatomie,Diaphragme,1299,1,oui,oui,01/11/2024,,,Groupe de travail,mp4,1,1,2,,,,Oui,Oui,Oui,Oui,,https://youtu.be/IBOFRiPsf6Q,
Santé,Anatomie,Disque intervertébral,1300,1,oui,oui,01/11/2024,,,Groupe de travail,mts,1,1,2,,,,Oui,Oui,Oui,Oui,,https://youtu.be/p0h6shzwfGw,
Santé,Affections,Ebola,1301,1,oui,oui,01/11/2024,,,Groupe de travail,mts,1,1,2,,,,Oui,Oui,Oui,Oui,,https://youtu.be/nCVLttKiH9M,
Technologie,Mécanique industrielle,Echographie,1302,1,oui,oui,01/11/2024,,,Groupe de travail,mp4,1,1,2,,,,Oui,Oui,Oui,Oui,,https://youtu.be/_hfMkt0k7Y8,
Santé,Affections,Endémie,1303,1,oui,oui,01/11/2024,,,Groupe de travail,mts,1,1,2,,,,Oui,Oui,Oui,Oui,,https://youtu.be/B3ZIgDvT78w,
Santé,Affections,Epidémie,1304,1,oui,oui,01/11/2024,,,Groupe de travail,mts,1,1,2,,,,Oui,Oui,Oui,Oui,,https://youtu.be/GeXAsYWgMvo,
Sciences de la Vie,Cellulaire,Epitopie,1305,1,oui,oui,01/11/2024,,,Groupe de travail,mp4,1,1,2,,,,Oui,Oui,Oui,Oui,,https://youtu.be/oIhYNygljJE,
Santé,Physiologie,Fèces,1306,1,oui,oui,01/11/2024,,,Groupe de travail,mp4,1,1,2,,,,Oui,Oui,Oui,Oui,,https://youtu.be/-YgyJ6toFZU,
Environnement,Ecologie,Gendarme rouge,1307,1,oui,oui,01/11/2024,,,Groupe de travail,mp4,1,1,2,,,,Oui,Oui,Oui,Oui,,https://youtu.be/H9K4I9CsvtU,
Santé,Affections,Grippe de 1918,1308,1,oui,oui,01/11/2024,,,Groupe de travail,mts,1,1,2,,,,Oui,Oui,Oui,Oui,,https://youtu.be/3XD6p3bxd44,
Santé,Affections,Grippe espagnole,1309,1,oui,oui,01/11/2024,,,Groupe de travail,mts,1,1,2,,,,Oui,Oui,Oui,Oui,,https://youtu.be/EfK3zfaqysA,
Santé,Anatomie,Gyrencéphale,1310,1,oui,oui,01/11/2024,,,Groupe de travail,mp4,1,1,2,,,,Oui,Oui,Oui,Oui,,https://youtu.be/oVTGyGZ90UI,
Santé,Affections,Hématome,1311,1,oui,oui,01/11/2024,,,Groupe de travail,mp4,1,1,2,,,,Oui,Oui,Oui,Oui,,https://youtu.be/iKtRrA-vIro,
Santé,Physiologie,Hème,1312,1,oui,oui,01/11/2024,,,Groupe de travail,mp4,1,1,2,,,,Oui,Oui,Oui,Oui,,https://youtu.be/w1ruo9keK-w,
Santé,Affections,Hémiplégie,1313,1,oui,oui,01/11/2024,,,Groupe de travail,mp4,1,1,2,,,,Oui,Oui,Oui,Oui,,https://youtu.be/Txu_d528CBM,
Santé,Affections,Hernie discale,1314,1,oui,oui,01/11/2024,,,Groupe de travail,mts,1,1,2,,,,Oui,Oui,Oui,Oui,,https://youtu.be/ATLbg0iy2QY,
Santé,Affections,Herpès Labial,1315,1,oui,oui,01/11/2024,,,Groupe de travail,mts,1,1,2,,,,Oui,Oui,Oui,Oui,,https://youtu.be/qPfgS2m73iE,
Santé,Physiologie,Liquide céphalo-rachidien,1316,1,oui,oui,01/11/2024,,,Groupe de travail,mts,1,1,2,,,,Oui,Oui,Oui,Oui,,https://youtu.be/v6pBdK7m_sw,
Santé,Anatomie,Lissencéphale,1317,1,oui,oui,01/11/2024,,,Groupe de travail,mp4,1,1,2,,,,Oui,Oui,Oui,Oui,,https://youtu.be/6gLIFXD9ExU,
Sciences de la Vie,Cellulaire,Lysosome,1318,1,oui,oui,01/11/2024,,,Groupe de travail,mp4,1,1,2,,,,Oui,Oui,Oui,Oui,,https://youtu.be/iPvZwjfbM54,
Santé,Anatomie,Méninges,1319,1,oui,oui,01/11/2024,,,Groupe de travail,mp4,1,1,2,,,,Oui,Oui,Oui,Oui,,https://youtu.be/gxvGNM8Zjo4,
Santé,Affections,Méningite,1320,1,oui,non,01/11/2024,,,Groupe de travail,mp4,1,1,2,,,,Oui,Oui,Oui,Oui,,https://youtu.be/um_dMIrVATU,
Santé,Anatomie,Moelle osseuse jaune,1321,1,oui,oui,01/11/2024,,,Groupe de travail,mp4,1,1,2,,,,Oui,Oui,Oui,Oui,,https://youtu.be/pREDutXg9JI,
Santé,Anatomie,Moelle osseuse rouge,1322,1,oui,oui,01/11/2024,,,Groupe de travail,mp4,1,1,2,,,,Oui,Oui,Oui,Oui,,https://youtu.be/uNzswLV3O94,
Santé,Anatomie,Moelle osseuse,1323,1,oui,oui,01/11/2024,,,Groupe de travail,mp4,1,1,2,,,,Oui,Oui,Oui,Oui,,https://youtu.be/PyetqKqPw2U,
Santé,Physiologie,Mucus,1324,1,oui,oui,01/11/2024,,,Groupe de travail,mp4,1,1,2,,,,Oui,Oui,Oui,Oui,,https://youtu.be/mGs5d65xjoY,
Santé,Anatomie,Muqueuse,1325,1,oui,oui,01/11/2024,,,Groupe de travail,mp4,1,1,2,,,,Oui,Oui,Oui,Oui,,https://youtu.be/HyIpYG_uQyA,
Sciences de la Vie,Cellulaire,Myofilament d'actine,1326,1,oui,oui,01/11/2024,,,Groupe de travail,mp4,1,1,2,,,,Oui,Oui,Oui,Oui,,https://youtu.be/M_8EsdF707k,
Sciences de la Vie,Cellulaire,Myofilament de myosine,1327,1,oui,oui,01/11/2024,,,Groupe de travail,mp4,1,1,2,,,,Oui,Oui,Oui,Oui,,https://youtu.be/PTRLK7hJwSs,
Santé,Anatomie,Nerf trijumeau,1328,1,oui,non,01/11/2024,,,Groupe de travail,mp4,1,1,2,,,,Oui,Oui,Oui,Oui,,https://youtu.be/AWf7sHlu2qU,
Santé,Anatomie,Nerf,1329,1,oui,non,01/11/2024,,,Groupe de travail,mp4,1,1,2,,,,Oui,Oui,Oui,Oui,,https://youtu.be/Un3qBX83p3A,
Santé,Affections,Oreillons,1330,1,oui,oui,01/11/2024,,,Groupe de travail,mts,1,1,2,,,,Oui,Oui,Oui,Oui,,https://youtu.be/OEhTdkg2UpI,
Santé,Affections,Otite,1331,1,oui,oui,01/11/2024,,,Groupe de travail,mts,1,1,2,,,,Oui,Oui,Oui,Oui,,https://youtu.be/aFpxhs0VBb4,
Santé,Affections,Paludisme,1332,1,oui,oui,01/11/2024,,,Groupe de travail,mts,1,1,2,,,,Oui,Oui,Oui,Oui,,https://youtu.be/hU5NWivFLhU,
Santé,Affections,Pandémie,1333,1,oui,oui,01/11/2024,,,Groupe de travail,mts,1,1,2,,,,Oui,Oui,Oui,Oui,,https://youtu.be/iTmKcHh9-TA,
Santé,Affections,Pandémie,1334,2,oui,oui,01/11/2024,,,Groupe de travail,mts,1,1,2,,,,Oui,Oui,Oui,Oui,,https://youtu.be/3Shp67r5e6U,
Santé,Affections,Paralysie,1335,1,oui,non,01/11/2024,,,Groupe de travail,mp4,1,1,2,,,,Oui,Oui,Oui,Oui,,https://youtu.be/jc4-QeWXEHg,
Santé,Affections,Paraplégie,1336,1,oui,oui,01/11/2024,,,Groupe de travail,mp4,1,1,2,,,,Oui,Oui,Oui,Oui,,https://youtu.be/eThPHcVHhz8,
Sciences de la Vie,Cellulaire,Paratope,1337,1,oui,oui,01/11/2024,,,Groupe de travail,mts,1,1,2,,,,Oui,Oui,Oui,Oui,,https://youtu.be/mWftIYXfgHI,
Santé,Affections,Peste,1338,1,oui,oui,01/11/2024,,,Groupe de travail,mts,1,1,2,,,,Oui,Oui,Oui,Oui,,https://youtu.be/Lufk43PWb8Q,
Santé,Affections,Pied-main-bouche,1339,1,oui,oui,01/11/2024,,,Groupe de travail,mts,1,1,2,,,,Oui,Oui,Oui,Oui,,https://youtu.be/VF04I0925vQ,
Environnement,Ecologie,Punaise,1340,1,oui,oui,01/11/2024,,,Groupe de travail,mp4,1,1,2,,,,Oui,Oui,Oui,Oui,,https://youtu.be/MTcq5HbbIMU,
Technologie,Mécanique industrielle,Punaise,1341,1,oui,oui,01/11/2024,,,Groupe de travail,mp4,1,1,2,,,,Oui,Oui,Oui,Oui,,https://youtu.be/xAj5QcTp0oA,
Technologie,Mécanique industrielle,Radiographie,1342,1,oui,non,01/11/2024,,,Groupe de travail,mp4,1,1,2,,,,Oui,Oui,Oui,Oui,,https://youtu.be/UBKWn2fpfA4,
Sciences de la Vie,Cellulaire,Réticulum endoplasmique lisse (REL),1343,1,oui,oui,01/11/2024,,,Groupe de travail,mp4,1,1,2,,,,Oui,Oui,Oui,Oui,,https://youtu.be/UAdyf99dzvw,
Sciences de la Vie,Cellulaire,Réticulum endoplasmique,1344,1,oui,oui,01/11/2024,,,Groupe de travail,mp4,1,1,2,,,,Oui,Oui,Oui,Oui,,https://youtu.be/rlx9NFP8Df8,
Sciences de la Vie,Cellulaire,Sarcomère,1345,1,oui,oui,01/11/2024,,,Groupe de travail,mp4,1,1,2,,,,Oui,Oui,Oui,Oui,,https://youtu.be/YT63MuV2orw,
Santé,Anatomie,Sillon cérébral,1346,1,oui,oui,01/11/2024,,,Groupe de travail,mp4,1,1,2,,,,Oui,Oui,Oui,Oui,,https://youtu.be/_-PtzNWRrj0,
Sciences de la Vie,Cellulaire,Tératogène,1347,1,oui,oui,01/11/2024,,,Groupe de travail,mp4,1,1,2,,,,Oui,Oui,Oui,Oui,,https://youtu.be/fFS6wj-eghI,
Santé,Affections,Tétraplégie,1348,1,oui,oui,01/11/2024,,,Groupe de travail,mp4,1,1,2,,,,Oui,Oui,Oui,Oui,,https://youtu.be/RXQ5idVQPOM,
Santé,Anatomie,Tissu,1349,1,oui,oui,01/11/2024,,,Groupe de travail,mp4,1,1,2,,,,Oui,Oui,Oui,Oui,,https://youtu.be/XJSO-389r2g,
Santé,Affections,Typhus,1350,1,oui,oui,01/11/2024,,,Groupe de travail,mts,1,1,2,,,,Oui,Oui,Oui,Oui,,https://youtu.be/VF2QAcsTTss,
Santé,Physiologie,Urine,1351,1,oui,oui,01/11/2024,,,Groupe de travail,mp4,1,1,2,,,,Oui,Oui,Oui,Oui,,https://youtu.be/PvM-pA9KVgY,
Santé,Affections,Varicelle,1352,1,oui,oui,01/11/2024,,,Groupe de travail,mts,1,1,2,,,,Oui,Oui,Oui,Oui,,https://youtu.be/lXy4xT5-ayA,
Santé,Affections,Variole,1353,1,oui,oui,01/11/2024,,,Groupe de travail,mts,1,1,2,,,,Oui,Oui,Oui,Oui,,https://youtu.be/tmL2N9wShe8,
Santé,Anatomie,Vessie,1354,1,oui,oui,01/11/2024,,,Groupe de travail,mp4,1,1,2,,,,Oui,Oui,Oui,Oui,,https://youtu.be/CmJyHNOFhug,
Santé,Affections,Zoonose,1355,1,oui,oui,01/11/2024,,,Groupe de travail,mp4,1,1,2,,,,Oui,Oui,Oui,Oui,,https://youtu.be/fqHcwZOKk9w,
Sciences de la Vie,Cellulaire,Réticulum endoplasmique granuleux (REG),1356,1,oui,oui,01/11/2024,,,Groupe de travail,mp4,1,1,2,,,,Oui,Oui,Oui,Oui,,https://youtu.be/093OStuWDUM,
Sciences de la Vie,Cellulaire,Réticulum endoplasmique ruguex (RER),1357,1,oui,oui,01/11/2024,,,Groupe de travail,mp4,1,1,2,,,,Oui,Oui,Oui,Oui,,https://youtu.be/h7QDsUG4II8,
Santé,Anatomie,Cartilage,1358,1,oui,oui,01/11/2024,,,Groupe de travail,mp4,1,1,2,,,,Oui,Oui,Oui,Oui,,https://youtu.be/ymD2dAqvpRg,
Physique,Optique,Hyperdensité,1359,1,oui,oui,01/11/2024,,,Groupe de travail,mp4,1,1,2,,,,Oui,Oui,Oui,Oui,,https://youtu.be/skU7RuqQh_4,
Physique,Optique,Hypodensité,1360,1,oui,oui,01/11/2024,,,Groupe de travail,mp4,1,1,2,,,,Oui,Oui,Oui,Oui,,https://youtu.be/fqZnmMotw90,
Physique,Optique,Radioopaque,1361,1,oui,oui,01/11/2024,,,Groupe de travail,mp4,1,1,2,,,,Oui,Oui,Oui,Oui,,https://youtu.be/sIV2bN4ZjJ0,
Physique,Optique,Radiotransparent,1362,1,oui,oui,01/11/2024,,,Groupe de travail,mp4,1,1,2,,,,Oui,Oui,Oui,Oui,,https://youtu.be/3QgMdaw8FRs,
Environnement,Agronomie,Compost,1363,2,oui,oui,01/11/2024,,,Groupe de travail,mp4,1,1,2,,,,Oui,Oui,Oui,Oui,,https://youtu.be/RFFywRNx2Ik,
Santé,Physiologie,Index glycémique bas,1364,1,oui,oui,04/07/2025,,,Groupe de travail,mp4,1,1,2,Monté (Mathias),,,Oui,Oui,Oui,Oui,,https://youtu.be/2TBebTYeJzU,
Santé,Physiologie,Index glycémique haut,1365,1,oui,oui,04/07/2025,,,Groupe de travail,mp4,1,1,2,Monté (Mathias),,,Oui,Oui,Oui,Oui,,https://youtu.be/_pIzfpNgOJU,
Santé,Physiologie,Index glycémique,1366,1,oui,oui,04/07/2025,,,Groupe de travail,mp4,1,1,2,Monté (Mathias),,,Oui,Oui,Oui,Oui,,https://youtu.be/VoOj8JxGMGg,
Sciences de la Vie,Biochimie,Lactose,1367,1,oui,oui,04/07/2025,,,Groupe de travail,mp4,1,1,2,Monté (Anthony),,,Oui,Oui,Oui,Oui,,https://youtu.be/ykvYnLBfFs4,
Santé,Affections,Cicatrice,1368,1,oui,oui,04/07/2025,,,Groupe de travail,mp4,1,1,2,Monté (Mathias),,,Oui,Oui,Oui,Oui,,https://youtu.be/SHFmijf7ew4,
Santé,Affections,Cicatrisation,1369,1,oui,oui,04/07/2025,,,Groupe de travail,mp4,1,1,2,Monté (Mathias),,,Oui,Oui,Oui,Oui,,https://youtu.be/QkvyWfvbtok,
Mathématiques,Raisonnement,Facteur,1370,1,oui,oui,04/07/2025,,,Groupe de travail,mp4,1,1,2,Monté (Mathias),,,Oui,Oui,Oui,Oui,,https://youtu.be/mwNG8RHJVZY,
Santé,Affections,Alzheimer,1371,1,oui,oui,04/07/2025,,,Groupe de travail,mp4,1,1,2,Monté (Mathias),,,Oui,Oui,Oui,Oui,,https://youtu.be/TID4_JDNto8,
Santé,Traitements,Prise de tension,1372,1,oui,oui,04/07/2025,,,Groupe de travail,mp4,1,1,2,Monté (Anthony),,,Oui,Oui,Oui,Oui,,https://youtu.be/8YNCM3ShzJs,
Santé,Affections,Hypotension,1373,1,oui,oui,04/07/2025,,,Groupe de travail,mp4,1,1,2,Monté (Mathias),,,Oui,Oui,Oui,Oui,,https://youtu.be/_Hb9OBFSEIQ,
Santé,Affections,Hypertension,1374,1,oui,oui,04/07/2025,,,Groupe de travail,mp4,1,1,2,Monté (Mathias),,,Oui,Oui,Oui,Oui,,https://youtu.be/qjVZnkHSOYM,
Santé,Affections,Pression artérielle,1375,1,oui,oui,04/07/2025,,,Groupe de travail,mp4,1,1,2,Monté (Mathias),,,Oui,Oui,Oui,Oui,,https://youtu.be/CaK2a6IT8Nw,
Santé,Affections,Thrombose,1376,2,oui,oui,04/07/2025,,,Groupe de travail,mp4,1,1,2,Monté (Mathias),,,Oui,Oui,Oui,Oui,,https://youtu.be/h-ZMjAGcVcY,
Santé,Affections,Caillot,1377,1,oui,oui,04/07/2025,,,Groupe de travail,mp4,1,1,2,Monté (Mathias),,,Oui,Oui,Oui,Oui,,https://youtu.be/WP2S6DIyxPo,
Santé,Affections,Croûte,1378,1,oui,oui,04/07/2025,,,Groupe de travail,mp4,1,1,2,Monté (Mathias),,,Oui,Oui,Oui,Oui,,https://youtu.be/VfKNSXGXFHM,
Santé,Traitements,Greffe de coeur,1379,1,oui,oui,04/07/2025,,,Groupe de travail,mp4,1,1,2,Monté (Mathias),,,Oui,Oui,Oui,Oui,,https://youtu.be/G8rR74qK0hI,
Santé,Traitements,Pacemaker,1380,1,oui,oui,04/07/2025,,,Groupe de travail,mp4,1,1,2,Monté (Mathias),,,Oui,Oui,Oui,Oui,,https://youtu.be/gUDoH4VzKvo,
Santé,Traitements,Pacemaker,1381,2,oui,oui,04/07/2025,,,Groupe de travail,mp4,1,1,2,Monté (Mathias),,,Oui,Oui,Oui,Oui,,https://youtu.be/ucoe__2Xc0Y,
Santé,Anatomie,Noeud sinusal,1382,1,oui,oui,04/07/2025,,,Groupe de travail,mp4,1,1,2,Monté (Anthony),,,Oui,Oui,Oui,Oui,,https://youtu.be/FoieGJFg6Dc,
Santé,Anatomie,Faisceau de His,1383,1,oui,oui,04/07/2025,,,Groupe de travail,mp4,1,1,2,Monté (Anthony),,,Oui,Oui,Oui,Oui,,https://youtu.be/qU3wEFaTLTg,
Santé,Anatomie,Tissu nodal,1384,1,oui,oui,04/07/2025,,,Groupe de travail,mp4,1,1,2,Monté (Anthony),,,Oui,Oui,Oui,Oui,,https://youtu.be/-G3W1XR3oTc,
Santé,Affections,BPM,1385,1,oui,oui,04/07/2025,,,Groupe de travail,mp4,1,1,2,Monté (Anthony),,,Oui,Oui,Oui,Oui,,https://youtu.be/qcGNCd1cNAU,
Santé,Affections,Pouls,1386,1,oui,oui,04/07/2025,,,Groupe de travail,mp4,1,1,2,Monté (Anthony),,,Oui,Oui,Oui,Oui,,https://youtu.be/yXU1eCpMOag,
Santé,Affections,Rythme cardiaque,1387,1,oui,oui,04/07/2025,,,Groupe de travail,mp4,1,1,2,Monté (Anthony),,,Oui,Oui,Oui,Oui,,https://youtu.be/LTVlXlFUBVY,
Santé,Affections,Insuffisance valvulaire,1388,1,oui,oui,04/07/2025,,,Groupe de travail,mp4,1,1,2,Monté (Anthony),,,Oui,Oui,Oui,Oui,,https://youtu.be/XRLQk3e55os,
Santé,Traitements,Dilatation ballonnet,1389,1,oui,oui,04/07/2025,,,Groupe de travail,mp4,1,1,2,Monté (Anthony),,,Oui,Oui,Oui,Oui,,https://youtu.be/0z_AYjx3jAg,
Santé,Traitements,Stent,1390,1,oui,oui,04/07/2025,,,Groupe de travail,mp4,1,1,2,Monté (Anthony),,,Oui,Oui,Oui,Oui,,https://youtu.be/b0uMEOtQ0A0,
Santé,Traitements,Pontage coronarien,1391,1,oui,oui,04/07/2025,,,Groupe de travail,mp4,1,1,2,Monté (Anthony),,,Oui,Oui,Oui,Oui,,https://youtu.be/6cf06SDktz4,
Santé,Affections,Crise cardiaque,1392,1,oui,oui,04/07/2025,,,Groupe de travail,mp4,1,1,2,Monté (Anthony),,,Oui,Oui,Oui,Oui,,https://youtu.be/uEXCDHU6z7Y,
Santé,Affections,Infarctus,1393,1,oui,oui,04/07/2025,,,Groupe de travail,mp4,1,1,2,Monté (Anthony),,,Oui,Oui,Oui,Oui,,https://youtu.be/EkiSqvhfLM4,
Santé,Anatomie,Artères coronaires,1394,1,oui,oui,04/07/2025,,,Groupe de travail,mp4,1,1,2,Monté (Anthony),,,Oui,Oui,Oui,Oui,,https://youtu.be/c1SoXgqfo7I,
Santé,Affections,Valvulopathie,1395,1,oui,oui,04/07/2025,,,Groupe de travail,mp4,1,1,2,Monté (Anthony),,,Oui,Oui,Oui,Oui,,https://youtu.be/imSciJbgJAE,
Santé,Affections,Souffle de coeur,1396,1,oui,oui,04/07/2025,,,Groupe de travail,mp4,1,1,2,Monté (Anthony),,,Oui,Oui,Oui,Oui,,https://youtu.be/Qxb7HwB5bBo,
Santé,Anatomie,Artères pulmonaires,1397,1,oui,oui,04/07/2025,,,Groupe de travail,mp4,1,1,2,Monté (Anthony),,,Oui,Oui,Oui,Oui,,https://youtu.be/6gn7pFJkL4c,
Santé,Anatomie,Aorte,1398,3,oui,oui,04/07/2025,,,Groupe de travail,mp4,1,1,2,Monté (Anthony),,,Oui,Oui,Oui,Oui,,https://youtu.be/-A5pbMXhIao,
Santé,Anatomie,Valve tricuspide,1399,1,oui,oui,04/07/2025,,,Groupe de travail,mp4,1,1,2,Monté (Anthony),,,Oui,Oui,Oui,Oui,,https://youtu.be/duSnHJG5DK4,
Santé,Anatomie,Valve mitrale,1400,1,oui,oui,04/07/2025,,,Groupe de travail,mp4,1,1,2,Monté (Anthony),,,Oui,Oui,Oui,Oui,,https://youtu.be/JYjlM36oEoQ,
Santé,Anatomie,Valve pulmonaire,1401,1,oui,oui,04/07/2025,,,Groupe de travail,mp4,1,1,2,Monté (Anthony),,,Oui,Oui,Oui,Oui,,https://youtu.be/jUqJTTYuVbU,
Santé,Anatomie,Valve aortique,1402,1,oui,oui,04/07/2025,,,Groupe de travail,mp4,1,1,2,Monté (Anthony),,,Oui,Oui,Oui,Oui,,https://youtu.be/x9oqWmFF1y4,
Santé,Anatomie,Valve valvule,1403,1,oui,oui,04/07/2025,,,Groupe de travail,mp4,1,1,2,Monté (Anthony),,,Oui,Oui,Oui,Oui,,https://youtu.be/jV6fLPg0b-w,
Santé,Affections,Foramen ovale,1404,1,oui,oui,04/07/2025,,,Groupe de travail,mp4,1,1,2,Monté (Anthony),,,Oui,Oui,Oui,Oui,,https://youtu.be/NHwOe9PXUZI,
Santé,Anatomie,Septum interventriculaire,1405,1,oui,oui,04/07/2025,,,Groupe de travail,mp4,1,1,2,Monté (Anthony),,,Oui,Oui,Oui,Oui,,https://youtu.be/49nerT5bhdk,
Santé,Anatomie,Oreillettes,1406,1,oui,oui,04/07/2025,,,Groupe de travail,mp4,1,1,2,Monté (Anthony),,,Oui,Oui,Oui,Oui,,https://youtu.be/QfaibzDijJE,
Santé,Anatomie,Ventricules,1407,1,oui,oui,04/07/2025,,,Groupe de travail,mp4,1,1,2,Monté (Anthony),,,Oui,Oui,Oui,Oui,,https://youtu.be/ES86pbSwPpc,
Santé,Affections,AVC,1408,1,oui,oui,04/07/2025,,,Groupe de travail,mp4,1,1,2,Monté (Anthony),,,Oui,Oui,Oui,Oui,,https://youtu.be/79pj7Jg_d2s,
Santé,Affections,Rupture d'anévrisme,1409,1,oui,oui,04/07/2025,,,Groupe de travail,mp4,1,1,2,Monté (Anthony),,,Oui,Oui,Oui,Oui,,https://youtu.be/z5vCsw7z_wM,
Santé,Affections,Anévrisme,1410,1,oui,oui,04/07/2025,,,Groupe de travail,mp4,1,1,2,Monté (Anthony),,,Oui,Oui,Oui,Oui,,https://youtu.be/aRb_Fsr6fJc,
Santé,Affections,Varice,1411,1,oui,oui,04/07/2025,,,Groupe de travail,mp4,1,1,2,Monté (Anthony),,,Oui,Oui,Oui,Oui,,https://youtu.be/c4-RJxHesC8,
Chimie,Générale,Osmose,1412,1,oui,oui,04/07/2025,,,Groupe de travail,mp4,1,1,2,Monté (Anthony),,,Oui,Oui,Oui,Oui,,https://youtu.be/5l4hUHjGezA,
Santé,Affections,Ulcère,1413,1,oui,oui,04/07/2025,,,Groupe de travail,mp4,1,1,2,Monté (Anthony),,,Oui,Oui,Oui,Oui,,https://youtu.be/4xYaPm1NcRk,
Santé,Physiologie,Sucs digestifs,1414,1,oui,oui,04/07/2025,,,Groupe de travail,mp4,1,1,2,Monté (Anthony),,,Oui,Oui,Oui,Oui,,https://youtu.be/sMDUu7l0bsg,
Santé,Affections,Echanges placentaires,1415,1,oui,oui,04/07/2025,,,Groupe de travail,mp4,1,1,2,Monté (Anthony),,,Oui,Oui,Oui,Oui,,https://youtu.be/dngqwWQ5JEY,
Santé,Anatomie,Cordon ombilical,1416,1,oui,oui,04/07/2025,,,Groupe de travail,mp4,1,1,2,Monté (Anthony),,,Oui,Oui,Oui,Oui,,https://youtu.be/xSuA2Yuv7dA,
Santé,Affections,Délivrance du placenta,1417,1,oui,oui,04/07/2025,,,Groupe de travail,mp4,1,1,2,Monté (Anthony),,,Oui,Oui,Oui,Oui,,https://youtu.be/8DcPYX_2gX8,
Santé,Affections,Décollement du placenta,1418,1,oui,oui,04/07/2025,,,Groupe de travail,mp4,1,1,2,Monté (Anthony),,,Oui,Oui,Oui,Oui,,https://youtu.be/68U0oJJbgQU,
Santé,Anatomie,Placenta,1419,1,oui,oui,04/07/2025,,,Groupe de travail,mp4,1,1,2,Monté (Anthony),,,Oui,Oui,Oui,Oui,,https://youtu.be/bUUk5V9U7uY,
Santé,Anatomie,Vesicule biliaire,1420,1,oui,oui,04/07/2025,,,Groupe de travail,mp4,1,1,2,Monté (Anthony),,,Oui,Oui,Oui,Oui,,https://youtu.be/QsXLtaKmxlE,
Santé,Anatomie,Pancréas,1421,1,oui,oui,04/07/2025,,,Groupe de travail,mp4,1,1,2,Monté (Anthony),,,Oui,Oui,Oui,Oui,,https://youtu.be/pQQDBL2Oyps,
Santé,Anatomie,Péritoine,1422,1,oui,oui,04/07/2025,,,Groupe de travail,mp4,1,1,2,Monté (Anthony),,,Oui,Oui,Oui,Oui,,https://youtu.be/qYwekgMrJhw,
Santé,Anatomie,Péricarde,1423,1,oui,oui,04/07/2025,,,Groupe de travail,mp4,1,1,2,Monté (Anthony),,,Oui,Oui,Oui,Oui,,https://youtu.be/UBj-eVl1wTM,
Santé,Anatomie,Plèvre,1424,1,oui,oui,04/07/2025,,,Groupe de travail,mp4,1,1,2,Monté (Anthony),,,Oui,Oui,Oui,Oui,,https://youtu.be/-ATFZnIqMK4,
Santé,Anatomie,Membrane séreuse,1425,1,oui,oui,04/07/2025,,,Groupe de travail,mp4,1,1,2,Monté (Anthony),,,Oui,Oui,Oui,Oui,,https://youtu.be/_S-Xgl0mWuk,
Santé,Anatomie,Thyroïde,1426,1,oui,oui,04/07/2025,,,Groupe de travail,mp4,1,1,2,Monté (Anthony),,,Oui,Oui,Oui,Oui,,https://youtu.be/ojDjrabczRw,
Santé,Anatomie,Sacrum,1427,1,oui,oui,04/07/2025,,,Groupe de travail,mp4,1,1,2,Monté (Anthony),,,Oui,Oui,Oui,Oui,,https://youtu.be/e7es7kovNII,
Santé,Anatomie,Coccyx,1428,1,oui,oui,04/07/2025,,,Groupe de travail,mp4,1,1,2,Monté (Anthony),,,Oui,Oui,Oui,Oui,,https://youtu.be/sYiSSBoPFu8,
Santé,Anatomie,Epiglotte,1429,1,oui,oui,04/07/2025,,,Groupe de travail,mp4,1,1,2,Monté (Anthony),,,Oui,Oui,Oui,Oui,,https://youtu.be/1hnsnqbD0nI,
Santé,Anatomie,Luette,1430,1,oui,oui,04/07/2025,,,Groupe de travail,mp4,1,1,2,Monté (Anthony),,,Oui,Oui,Oui,Oui,,https://youtu.be/VykE2pDzWwI,
Santé,Anatomie,Périnée,1431,1,oui,oui,04/07/2025,,,Groupe de travail,mp4,1,1,2,A monter (Anthony),,,Oui,Oui,Oui,Oui,,https://youtu.be/d34z2PTOKWk,
Santé,Anatomie,Muscles pubo rectal,1432,1,oui,oui,04/07/2025,,,Groupe de travail,mp4,1,1,2,Monté (Anthony),,,Oui,Oui,Oui,Oui,,https://youtu.be/piYdu4pqTWw,
Santé,Affections,Appendicite,1433,1,oui,oui,04/07/2025,,,Groupe de travail,mp4,1,1,2,Monté (Anthony),,,Oui,Oui,Oui,Oui,,https://youtu.be/wzo9s7a7Nv8,
Santé,Anatomie,Appendice,1434,1,oui,oui,04/07/2025,,,Groupe de travail,mp4,1,1,2,Monté (Mathieu),,,Oui,Oui,Oui,Oui,,https://youtu.be/E8n6sZDcJ8k,
Santé,Anatomie,Anus,1435,1,oui,oui,04/07/2025,,,Groupe de travail,mp4,1,1,2,Monté (Mathieu),,,Oui,Oui,Oui,Oui,,https://youtu.be/QnTQbLvRBqk,
Santé,Anatomie,Anus,1436,2,oui,oui,04/07/2025,,,Groupe de travail,mp4,1,1,2,Monté (Mathieu),,,Oui,Oui,Oui,Oui,,https://youtu.be/lCdbzJrSxyU,
Santé,Anatomie,Anus,1437,3,oui,oui,04/07/2025,,,Groupe de travail,mp4,1,1,2,Monté (Mathieu),,,Oui,Oui,Oui,Oui,,https://youtu.be/2Ne2giNNCv0,
Santé,Anatomie,Rectum,1438,1,oui,oui,04/07/2025,,,Groupe de travail,mp4,1,1,2,Monté (Mathieu),,,Oui,Oui,Oui,Oui,,https://youtu.be/6KIIPrheRVo,
Santé,Anatomie,Colon,1439,3,oui,oui,04/07/2025,,,Groupe de travail,mp4,1,1,2,Monté (Mathieu),,,Oui,Oui,Oui,Oui,,https://youtu.be/fKswH4RVijw,
Santé,Anatomie,Intestin grêle,1440,1,oui,oui,04/07/2025,,,Groupe de travail,mp4,1,1,2,Monté (Anthony),,,Oui,Oui,Oui,Oui,,https://youtu.be/-zuV93lYwc8,
Santé,Anatomie,Intestins,1441,1,oui,oui,04/07/2025,,,Groupe de travail,mp4,1,1,2,Monté (Mathieu),,,Oui,Oui,Oui,Oui,,https://youtu.be/PJG4eVXhQIc,
Santé,Anatomie,Trachée,1442,1,oui,oui,04/07/2025,,,Groupe de travail,mp4,1,1,2,Monté (Mathieu),,,Oui,Oui,Oui,Oui,,https://youtu.be/jpR-ui4UQg8,
Santé,Anatomie,Oesophage,1443,1,oui,oui,04/07/2025,,,Groupe de travail,mp4,1,1,2,Monté (Mathieu),,,Oui,Oui,Oui,Oui,,https://youtu.be/Mz0sopOatOg,
Santé,Anatomie,Bronches,1444,1,oui,oui,04/07/2025,,,Groupe de travail,mp4,1,1,2,Monté (Mathieu),,,Oui,Oui,Oui,Oui,,https://youtu.be/6X7kZV6-bgk,
Santé,Anatomie,Cordes vocales,1445,1,oui,oui,04/07/2025,,,Groupe de travail,mp4,1,1,2,Monté (Mathieu),,,Oui,Oui,Oui,Oui,,https://youtu.be/l4Zpo5tDubE,
Santé,Anatomie,Larynx,1446,1,oui,oui,04/07/2025,,,Groupe de travail,mp4,1,1,2,Monté (Mathieu),,,Oui,Oui,Oui,Oui,,https://youtu.be/MKbCl8vMd5Y,
Santé,Anatomie,Pharynx,1447,1,oui,oui,04/07/2025,,,Groupe de travail,mp4,1,1,2,Monté (Anthony),,,Oui,Oui,Oui,Oui,,https://youtu.be/-2gaEhzE1iM,
Santé,Affections,Papillomavirus,1448,1,non,oui,05/10/2025,,,Séminaire,mp4,1,1,2,Monté (Anthony),,,,Oui,Oui,Oui,,https://youtu.be/LnkYOHqO_RI,
Santé,Traitements,PET-Scan,1449,1,non ,oui,05/10/2025,,,Séminaire,mp4,1,1,2,Monté (Anthony),,,,Oui,Oui,Oui,,https://youtu.be/JiZCjpgWf0s,
Chimie,Générale,Soude,1450,1,non,oui,05/10/2025,,,Séminaire,mov,1,1,2,Monté (Anthony),,,,Oui,Oui,Oui,,https://youtu.be/2fyr8957tjU,
Environnement,Climatologie,Empreinte Carbone,1451,1,non,oui,05/10/2025,,,Séminaire,mov,1,1,2,Monté (Anthony),,,,Oui,Oui,Oui,,https://youtu.be/E1xT0729034,
Environnement,Climatologie,Equivalent Carbone,1452,1,non,oui,05/10/2025,,,Séminaire,mov,1,1,2,Monté (Anthony),,,,Oui,Oui,Oui,,https://youtu.be/v8bCihXHEGs,
Santé,Affections,TDAH,1453,1,non,oui,05/10/2025,,,Séminaire,mp4,1,1,2,Monté (Anthony),,,,Oui,Oui,Oui,,https://youtu.be/IX9Vb8lknS4,
Environnement,Climatologie,Neutralité Carbone,1454,1,non,oui,05/10/2025,,,Séminaire,mov,1,1,2,Monté (Anthony),,,,Oui,Oui,Oui,,https://youtu.be/iirNcO9oems,
Chimie,Générale,Soude,1455,2,non,oui,05/10/2025,,,Séminaire,mov,1,1,2,Monté (Anthony),,,,Oui,Oui,Oui,,https://youtu.be/x5HyzXb_wP8,
Santé,Affections,Troubles psychiques,1456,1,non,oui,05/10/2025,,,Séminaire,mp4,1,1,2,Monté (Anthony),,,,Oui,Oui,Oui,,https://youtu.be/Iy-a8eWHbHI,
Santé,Affections,Troubles dys,1457,1,non,oui,05/10/2025,,,Séminaire,mp4,1,1,2,Monté (Anthony),,,,Oui,Oui,Oui,,https://youtu.be/8WdHRBmOlrw,
Environnement,Climatologie,Bilan Carbone,1458,1,non,oui,05/10/2025,,,Séminaire,mov,1,1,2,Monté (Anthony),,,,Oui,Oui,Oui,,https://youtu.be/hpoZhyHUt_o,
Environnement,Climatologie,Equivalent Carbone,1459,2,non,oui,05/10/2025,,,Séminaire,mov,1,1,2,Monté (Anthony),,,,Oui,Oui,Oui,,https://youtu.be/iC_XEm1qcVc,
Physique,Electronique,Fusible,1460,1,non,oui,05/10/2025,,,Séminaire,mov,1,1,2,Monté (Anthony),,,,Oui,Oui,Oui,,https://youtu.be/K_9DSrowm7Y,
Physique,Electronique,Fusible,1461,2,non,oui,05/10/2025,,,Séminaire,mov,1,1,2,Monté (Anthony),,,,Oui,Oui,Oui,,https://youtu.be/9Cd8pcUytlo,
Technologie,Mécanique  ,Rétro-conception,1462,1,non,oui,05/10/2025,,,Séminaire,mov,1,1,2,Monté (Anthony),,,,Oui,Oui,Oui,,https://youtu.be/Y03xp3qviw4,
Informatique,Logiciels,Jupyter,1463,1,non,oui,05/10/2025,,,Séminaire,mp4,1,1,2,Monté (Anthony),,,,Oui,Oui,Oui,,https://youtu.be/_ra-bsjfXKQ,
Technologie,Mécanique  ,Roulement à billes,1464,1,non,oui,05/10/2025,,,Séminaire,mov,1,1,2,Monté (Anthony),,,,Oui,Oui,Oui,,https://youtu.be/7zKfj3BmwW8,
Technologie,Mécanique  ,Arbre,1465,1,non,oui,05/10/2025,,,Séminaire,mov,1,1,2,Monté (Anthony),,,,Oui,Oui,Oui,,https://youtu.be/4F9gJwprKAc,
Technologie,Mécanique  ,Bougie d'allumage,1466,1,non,oui,05/10/2025,,,Séminaire,mov,1,1,2,Monté (Anthony),,,,Oui,Oui,Oui,,https://youtu.be/P8TxqS6jMW0,
Physique,Electronique,Interrupteur,1467,2,non,oui,05/10/2025,,,Séminaire,mov,1,1,2,Monté (Anthony),,,,Oui,Oui,Oui,,https://youtu.be/a3_l5VMFm2Y,
Physique,Electronique,Interrupteur,1468,3,non,oui,05/10/2025,,,Séminaire,mov,1,1,2,Monté (Anthony),,,,Oui,Oui,Oui,,https://youtu.be/WD9tSD526fM,
Physique,Electronique,Contacteur,1469,1,non,oui,05/10/2025,,,Séminaire,mov,1,1,2,Monté (Anthony),,,,Oui,Oui,Oui,,https://youtu.be/j2GPwtbBdRI,
Informatique,Logiciels,Mise à jour,1470,1,non,oui,05/10/2025,,,Séminaire,mp4,1,1,2,Monté (Anthony),,,,Oui,Oui,Oui,,https://youtu.be/L_3Qsnd4HZM,
Informatique,Logiciels,Mise à jour,1471,2,non,oui,05/10/2025,,,Séminaire,mp4,1,1,2,Monté (Anthony),,,,Oui,Oui,Oui,,https://youtu.be/C3vgfnFOMsE,
Informatique,Logiciels,Ubuntu,1472,1,non,oui,05/10/2025,,,Séminaire,mov,1,1,2,Monté (Anthony),,,,Oui,Oui,Oui,,https://youtu.be/2nr-haCPbXY,
Physique,Electronique,Sectionneur,1473,1,non,oui,05/10/2025,,,Séminaire,mov,1,1,2,Monté (Anthony),,,,Oui,Oui,Oui,,https://youtu.be/MfbZpC6Nz04,
Physique,Electronique,Sectionneur,1474,2,non,oui,05/10/2025,,,Séminaire,mov,1,1,2,Monté (Anthony),,,,Oui,Oui,Oui,,https://youtu.be/ARPWc0mcbss,
Santé,Affections,Baby Blues,1475,1,non,oui,05/10/2025,,,Séminaire,mp4,1,1,2,Monté (Anthony),,,,Oui,Oui,Oui,,https://youtu.be/WE0Cu25H9BY,
Sciences de la Vie,Génétique,Dimorphisme Sexuel,1476,1,non,oui,05/10/2025,,,Séminaire,mov,1,1,2,Monté (Anthony),,,,Oui,Oui,Oui,,https://youtu.be/PJmvvLQy_rM,
Santé,Affections,Dépression post-partum,1477,1,non,oui,05/10/2025,,,Séminaire,mp4,1,1,2,Monté (Anthony),,,,Oui,Oui,Oui,,https://youtu.be/mhBqQBWFs44,
Environnement,Agronomie,Fertile,1478,1,non,oui,05/10/2025,,,Séminaire,mov,1,1,2,Monté (Anthony),,,,Oui,Oui,Oui,,https://youtu.be/q-p5sthwjlU,
Environnement,Agronomie,Stérile,1479,1,non,oui,05/10/2025,,,Séminaire,mov,1,1,2,Monté (Anthony),,,,Oui,Oui,Oui,,https://youtu.be/5uUHE4dTW_Y,
Santé,Affections,Tumeur bénigne,1480,1,non,oui,05/10/2025,,,Séminaire,mov,1,1,2,Monté (Anthony),,,,Oui,Oui,Oui,,https://youtu.be/4mY7kV1zB5o,
Santé,Affections,Tumeur maligne,1481,1,non,oui,05/10/2025,,,Séminaire,mov,1,1,2,Monté (Anthony),,,,Oui,Oui,Oui,,https://youtu.be/w3WjIwwSk70,
Santé,Affections,Métastase,1482,1,non,oui,05/10/2025,,,Séminaire,mov,1,1,2,Monté (Anthony),,,,Oui,Oui,Oui,,https://youtu.be/JMGimU26zd8,
Environnement,Climatologie,Période glaciaire,1483,1,non,oui,05/10/2025,,,Séminaire,mp4,1,1,2,Monté (Anthony),,,,Oui,Oui,Oui,,https://youtu.be/dyHU-Y5gCwM,
Environnement,Climatologie,Pression de l'air,1484,1,non,oui,05/10/2025,,,Séminaire,mp4,1,1,2,Monté (Anthony),,,,Oui,Oui,Oui,,https://youtu.be/whfjqDWwOf8,
Environnement,Climatologie,Géopotentiel,1485,1,non,oui,05/10/2025,,,Séminaire,mp4,1,1,2,Monté (Anthony),,,,Oui,Oui,Oui,,https://youtu.be/hyGLWvphNiA,
Environnement,Ecologie,Limite planétaire,1486,1,non,oui,05/10/2025,,,Séminaire,mp4,1,1,2,Monté (Anthony),,,,Oui,Oui,Oui,,https://youtu.be/fnTvVGWFCTw,
Santé,Affections,Intection materno-foetale,1487,1,non,oui,05/10/2025,,,Séminaire,mov,1,1,2,Monté (Anthony),,,,Oui,Oui,Oui,,https://youtu.be/1a0kRWOd1m8,
?,?,Cobaye,1488,1,non,oui,05/10/2025,,,Séminaire,mp4,1,1,2,Monté (Anthony) / Mis en privé sur Youtube en attente de sa catégorie,,,,Oui,Oui,,,https://youtu.be/9KLpf9xd0e4,
?,?,Cobaye,1489,2,non,oui,05/10/2025,,,Séminaire,mp4,1,1,2,Monté (Anthony) / Mis en privé sur Youtube en attente de sa catégorie,,,,Oui,Oui,,,https://youtu.be/jyegtjiqOf4,
Technologie,Mécanique  ,Piston,1490,1,non,oui,05/10/2025,,,Séminaire,mp4,1,1,2,Monté (Anthony),,,,Oui,Oui,Oui,,https://youtu.be/Ew7l5Vxyh8A,
Technologie,Mécanique  ,Course,1491,1,non,oui,05/10/2025,,,Séminaire,mp4,1,1,2,Monté (Anthony),,,,Oui,Oui,Oui,,https://youtu.be/iQcoB7b0lbU,
Santé,Traitements,Scintigraphie,1492,1,non,oui,05/10/2025,,,Séminaire,mp4,1,1,2,Monté (Anthony),,,,Oui,Oui,Oui,,https://youtu.be/NK2qYPYqPX0,
Physique,Electronique,Triphasé,1493,1,non,oui,05/10/2025,,,Séminaire,mp4,1,1,2,Monté (Anthony),,,,Oui,Oui,Oui,,https://youtu.be/Mw1c0XeORTQ,
Technologie,Métrologie,Metrologie,1494,1,non,oui,05/10/2025,,,Séminaire,mp4,1,1,2,Monté (Anthony),,,,Oui,Oui,Oui,,https://youtu.be/uwePGE8cpk4,
Technologie,Métrologie,Métrologie,1495,2,non,oui,05/10/2025,,,Séminaire,mp4,1,1,2,Monté (Anthony),,,,Oui,Oui,Oui,,https://youtu.be/0jCGcsys3Jo,
Mathématiques,Analyse,Sinusoïde,1496,1,non,oui,05/10/2025,,,Séminaire,mp4,1,1,2,Monté (Anthony) / Anthony pas trop chaud avec ce signe,,,,Oui,Oui,Oui,,https://youtu.be/wwU70NR-s1M,
Santé,Affections,Pouls,1497,2,oui,oui,04/07/2025,,,Groupe de travail,mp4,1,1,2,Monté (Anthony),,,,Oui,Oui,Oui,,https://youtu.be/NeAC4dSCwr0,
Santé,Anatomie,Placenta,1498,2,oui,oui,04/07/2025,,,Groupe de travail,mp4,1,1,2,Monté (Anthony),,,,Oui,Oui,Oui,,https://youtu.be/Ly6bfyYYKNA,
Santé,Traitements,Prise de tension,1499,2,oui,oui,04/07/2025,,,Groupe de travail,mp4,1,1,2,Monté (Anthony),,,,Oui,Oui,Oui,,https://youtu.be/EWGvfa6v8aA,
Santé,Anatomie,Noeud septal,1500,1,oui,oui,04/07/2025,,,Groupe de travail,mp4,1,1,2,Monté (Anthony),,,Oui,Oui,Oui,Oui,,https://youtu.be/mftiqQh-Tws,
Santé,Anatomie,Reseau de Purkinje,1501,1,oui,oui,04/07/2025,,,Groupe de travail,mp4,1,1,2,Monté (Anthony),,,Oui,Oui,Oui,Oui,,https://youtu.be/ACyF7zXdVCs,
Santé,Anatomie,Thyroïde,1502,2,oui,oui,04/07/2025,,,Groupe de travail,mp4,1,1,2,Monté (Anthony),,,,Oui,Oui,Oui,,https://youtu.be/v_ep8FjhtL8,
Santé,Affections,HPV,1503,2,non,oui,05/10/2025,,,Séminaire,mp4,1,1,2,Monté (Anthony),,,,Oui,Oui,Oui,,https://youtu.be/sR8g-dInElo,
Technologie,Mécanique  ,Rétro-ingénierie,1504,1,non,oui,05/10/2025,,,Séminaire,mov,1,1,2,Monté (Anthony),,,,Oui,Oui,Oui,,https://youtu.be/JpEN48GVCk8,
Technologie,Mécanique  ,Alésage,1505,1,oui,oui,05/10/2025,,,Séminaire,mp4,1,1,2,Monté (Anthony),,,,Oui,Oui,Oui,,https://youtu.be/vF-GFNY4UmU,
Environnement,Ecologie,Bouvreuil pivoine,1506,1,oui,oui,08/11/2025,,,Groupe de travail,mp4,1,1,2,Monté (Anthony),,,Oui,Oui,Oui,Oui,,https://youtu.be/lY7qEantlro,
Environnement,Ecologie,Bruant,1507,1,oui,oui,08/11/2025,,,Groupe de travail,mp4,1,1,2,Monté (Anthony),,,Oui,Oui,Oui,Oui,,https://youtu.be/sW64OUpfCpw,
Environnement,Ecologie,Bruant jaune,1508,1,oui,oui,08/11/2025,,,Groupe de travail,mp4,1,1,2,Monté (Anthony),,,Oui,Oui,Oui,Oui,,https://youtu.be/KfbEIU60Iv4,
Environnement,Ecologie,Bruant zizi,1509,1,oui,oui,08/11/2025,,,Groupe de travail,mp4,1,1,2,Monté (Anthony),,,Oui,Oui,Oui,Oui,,https://youtu.be/-9t7X3yjoZM,
Environnement,Ecologie,Choucas des tours,1510,1,oui,oui,08/11/2025,,,Groupe de travail,mp4,1,1,2,Monté (Anthony),,,Oui,Oui,Oui,Oui,,https://youtu.be/GNW2dLAB-Lo,
Sciences de la Vie,Génétique,Chromanide,1511,1,oui,oui,08/11/2025,,,Groupe de travail,mp4,1,1,2,Monté (Anthony),,,Oui,Oui,Oui,Oui,,https://youtu.be/OBQcsFAaeVM,
Sciences de la Vie,Génétique,Chromatide,1512,1,oui,oui,08/11/2025,,,Groupe de travail,mp4,1,1,2,Monté (Anthony),,,Oui,Oui,Oui,Oui,,https://youtu.be/k3FjrLkj0No,
Sciences de la Vie,Génétique,Chromosomes homologues,1513,1,oui,oui,08/11/2025,,,Groupe de travail,mp4,1,1,2,Monté (Anthony),,,Oui,Oui,Oui,Oui,,https://youtu.be/6lRG98RPZ8Q,
Sciences de la Vie,Génétique,Complémentarité des nucléoïdes,1514,1,oui,oui,08/11/2025,,,Groupe de travail,mp4,1,1,2,Monté (Anthony),,,Oui,Oui,Oui,Oui,,https://youtu.be/CAuHBJcx6wE,
Sciences de la Vie,Génétique,Cycle cellulaire,1515,1,oui,oui,08/11/2025,,,Groupe de travail,mp4,1,1,2,Monté (Anthony),,,Oui,Oui,Oui,Oui,,https://youtu.be/HAs6z7yLXWE,
Sciences de la Vie,Génétique,Epigénétique,1516,1,oui,oui,08/11/2025,,,Groupe de travail,mp4,1,1,2,,,,Oui,,,,,,
Environnement,Ecologie,Faucon,1517,1,oui,oui,08/11/2025,,,Groupe de travail,mp4,1,1,2,Monté (Anthony),,,Oui,Oui,Oui,Oui,,https://youtu.be/9tzrt89GinA,
Environnement,Ecologie,Foulque macroule,1518,1,oui,oui,08/11/2025,,,Groupe de travail,mp4,1,1,2,Monté (Anthony),,,Oui,Oui,Oui,Oui,,https://youtu.be/zq2AaYnlMH0,
Environnement,Ecologie,Gallinule Poule d'eau,1519,1,oui,oui,08/11/2025,,,Groupe de travail,mp4,1,1,2,Monté (Anthony),,,Oui,Oui,Oui,Oui,,https://youtu.be/Tark9SAEI0I,
Environnement,Ecologie,Grosbec casse-noyaux,1520,1,oui,oui,08/11/2025,,,Groupe de travail,mp4,1,1,2,Monté (Anthony),,,Oui,Oui,Oui,Oui,,https://youtu.be/LTxyysuc_sA,
Sciences de la Vie,Génétique,Histone,1521,1,oui,oui,08/11/2025,,,Groupe de travail,mp4,1,1,2,Monté (Anthony),,,Oui,Oui,Oui,Oui,,https://youtu.be/poFpqWIgLTQ,
Sciences de la Vie,Génétique,Interphase,1522,1,oui,oui,08/11/2025,,,Groupe de travail,mp4,1,1,2,Monté (Anthony),,,Oui,Oui,Oui,Oui,,https://youtu.be/ubN4TtpaUpk,
Environnement,Ecologie,Linotte mélodieuse,1523,1,oui,oui,08/11/2025,,,Groupe de travail,mp4,1,1,2,Monté (Anthony),,,Oui,Oui,Oui,Oui,,https://youtu.be/CrhPgxHla5s,
Sciences de la Vie,Génétique,Mitose,1524,1,oui,oui,08/11/2025,,,Groupe de travail,mp4,1,1,2,Monté (Anthony),,,Oui,Oui,Oui,Oui,,https://youtu.be/cD5gVzZIpyM,
Sciences de la Vie,Génétique,Nucléosome,1525,1,oui,oui,08/11/2025,,,Groupe de travail,mp4,1,1,2,Monté (Anthony),,,Oui,Oui,Oui,Oui,,https://youtu.be/aqRfMsoRgg8,
Environnement,Ecologie,Paon,1526,1,oui,oui,08/11/2025,,,Groupe de travail,mp4,1,1,2,Monté (Anthony),,,Oui,Oui,Oui,Oui,,https://youtu.be/j0ATKPsUk3A,
Environnement,Ecologie,Paon,1527,2,oui,oui,08/11/2025,,,Groupe de travail,mp4,1,1,2,Monté (Anthony),,,Oui,Oui,Oui,Oui,,https://youtu.be/xGxpL8jyogE,
Environnement,Ecologie,Parade Nuptiale,1528,1,oui,oui,08/11/2025,,,Groupe de travail,mp4,1,1,2,Monté (Anthony),,,Oui,Oui,Oui,Oui,,https://youtu.be/8guLqMEsK1E,
Environnement,Ecologie,Perruche,1529,1,oui,oui,08/11/2025,,,Groupe de travail,mp4,1,1,2,Monté (Anthony),,,Oui,Oui,Oui,Oui,,https://youtu.be/P9OhR4ghYHc,
Environnement,Ecologie,Perruche à collier,1530,1,oui,oui,08/11/2025,,,Groupe de travail,mp4,1,1,2,Monté (Anthony),,,Oui,Oui,Oui,Oui,,https://youtu.be/f05Qbcw4-d4,
Sciences de la Vie,Génétique,Phase G1,1531,1,oui,oui,08/11/2025,,,Groupe de travail,mp4,1,1,2,Monté (Anthony),,,Oui,Oui,Oui,Oui,,https://youtu.be/sx0xwrUZ5qU,
Sciences de la Vie,Génétique,Phase G2,1532,1,oui,oui,08/11/2025,,,Groupe de travail,mp4,1,1,2,Monté (Anthony),,,Oui,Oui,Oui,Oui,,https://youtu.be/qXiOeQmYg84,
Sciences de la Vie,Génétique,Phase S,1533,1,oui,oui,08/11/2025,,,Groupe de travail,mp4,1,1,2,Monté (Anthony),,,Oui,Oui,Oui,Oui,,https://youtu.be/LB-kQV1lsFs,
Environnement,Ecologie,Pic,1534,1,oui,oui,08/11/2025,,,Groupe de travail,mp4,1,1,2,Monté (Anthony),,,Oui,Oui,Oui,Oui,,https://youtu.be/Zy9XJ4C_SVo,
Environnement,Ecologie,Pic épeiche,1535,1,oui,oui,08/11/2025,,,Groupe de travail,mp4,1,1,2,Monté (Anthony),,,Oui,Oui,Oui,Oui,,https://youtu.be/sBYUHvtvtsA,
Environnement,Ecologie,Pic épeichette,1536,1,oui,oui,08/11/2025,,,Groupe de travail,mp4,1,1,2,Monté (Anthony),,,Oui,Oui,Oui,Oui,,https://youtu.be/3pWUV9FpmDM,
Environnement,Ecologie,Pic mar,1537,1,oui,oui,08/11/2025,,,Groupe de travail,mp4,1,1,2,Monté (Anthony),,,Oui,Oui,Oui,Oui,,https://youtu.be/vx9dJLEeFJo,
Environnement,Ecologie,Pic noir,1538,1,oui,oui,08/11/2025,,,Groupe de travail,mp4,1,1,2,Monté (Anthony),,,Oui,Oui,Oui,Oui,,https://youtu.be/2DNk_cZBlfg,
Environnement,Ecologie,Pic vert,1539,1,oui,oui,08/11/2025,,,Groupe de travail,mp4,1,1,2,Monté (Anthony),,,Oui,Oui,Oui,Oui,,https://youtu.be/4KpLyuIwxDw,
Environnement,Ecologie,Pigeon,1540,1,oui,oui,08/11/2025,,,Groupe de travail,mp4,1,1,2,Monté (Anthony),,,Oui,Oui,Oui,Oui,,https://youtu.be/iwf4Fo6hId0,
Environnement,Ecologie,Pigeon,1541,2,oui,oui,08/11/2025,,,Groupe de travail,mp4,1,1,2,Monté (Anthony),,,Oui,Oui,Oui,Oui,,https://youtu.be/7gz3hxR4e-U,
Environnement,Ecologie,Pigeon biset,1542,1,oui,oui,08/11/2025,,,Groupe de travail,mp4,1,1,2,Monté (Anthony),,,Oui,Oui,Oui,Oui,,https://youtu.be/9APIahijYQg,
Environnement,Ecologie,Pigeon colombin,1543,1,oui,oui,08/11/2025,,,Groupe de travail,mp4,1,1,2,Monté (Anthony),,,Oui,Oui,Oui,Oui,,https://youtu.be/FxKVWYATO4U,
Environnement,Ecologie,Pigeon ramier,1544,1,oui,oui,08/11/2025,,,Groupe de travail,mp4,1,1,2,Monté (Anthony),,,Oui,Oui,Oui,Oui,,https://youtu.be/x7UPsGS2ajc,
Environnement,Ecologie,Pinson du nord,1545,1,oui,oui,08/11/2025,,,Groupe de travail,mp4,1,1,2,Monté (Anthony),,,Oui,Oui,Oui,Oui,,https://youtu.be/ueULImngvsI,
Environnement,Ecologie,Pinson,1546,1,oui,oui,08/11/2025,,,Groupe de travail,mp4,1,1,2,Monté (Anthony),,,Oui,Oui,Oui,Oui,,https://youtu.be/m0dnv7s41mM,
Environnement,Ecologie,Rapace,1547,1,oui,oui,08/11/2025,,,Groupe de travail,mp4,1,1,2,Monté (Anthony),,,Oui,Oui,Oui,Oui,,https://youtu.be/04jvsdScfOc,
Environnement,Ecologie,Roitelet,1548,1,oui,oui,08/11/2025,,,Groupe de travail,mp4,1,1,2,Monté (Anthony),,,Oui,Oui,Oui,Oui,,https://youtu.be/UTJjalyzpHU,
Environnement,Ecologie,Roitelet huppé,1549,1,oui,oui,08/11/2025,,,Groupe de travail,mp4,1,1,2,Monté (Anthony),,,Oui,Oui,Oui,Oui,,https://youtu.be/JIvSG3KuNTk,
Environnement,Ecologie,Roitelet triple bandeaux,1550,1,oui,oui,08/11/2025,,,Groupe de travail,mp4,1,1,2,Monté (Anthony),,,Oui,Oui,Oui,Oui,,https://youtu.be/RglXnXZf0MQ,
Sciences de la Vie,Génétique,Stress oxydatif,1551,1,oui,oui,08/11/2025,,,Groupe de travail,mp4,1,1,2,Monté (Anthony),,,Oui,Oui,Oui,Oui,,https://youtu.be/hIczUqfMrfk,
Chimie,Générale,Hydrogène,1552,1,oui,oui,08/11/2025,,,Groupe de travail,mp4,1,1,2,Monté (Anthony),,,Oui,Oui,Oui,Oui,,https://youtu.be/SGM1X_HtyOc,
Chimie,Générale,Hélium,1553,1,oui,oui,08/11/2025,,,Groupe de travail,mp4,1,1,2,Monté (Anthony),,,Oui,Oui,Oui,Oui,,https://youtu.be/SIT-uNr0YlY,
Chimie,Générale,Lithium,1554,1,oui,oui,08/11/2025,,,Groupe de travail,mp4,1,1,2,Monté (Anthony),,,Oui,Oui,Oui,Oui,,https://youtu.be/jf1-InUxlnY,
Chimie,Générale,Béryllium,1555,1,oui,oui,08/11/2025,,,Groupe de travail,mp4,1,1,2,Monté (Anthony),,,Oui,Oui,Oui,Oui,,https://youtu.be/X_jlElgqsn4,
Chimie,Générale,Bore,1556,1,oui,oui,08/11/2025,,,Groupe de travail,mp4,1,1,2,Monté (Anthony),,,Oui,Oui,Oui,Oui,,https://youtu.be/SZmZvp0-Tow,
Chimie,Générale,Carbone,1557,1,oui,oui,08/11/2025,,,Groupe de travail,mp4,1,1,2,Monté (Anthony),,,Oui,Oui,Oui,Oui,,https://youtu.be/8UmxJAS4zmU,
Chimie,Générale,Azote,1558,1,oui,oui,08/11/2025,,,Groupe de travail,mp4,1,1,2,Monté (Anthony),,,Oui,Oui,Oui,Oui,,https://youtu.be/JoiJElz9wfU,
Chimie,Générale,Oxygène,1559,2,oui,oui,08/11/2025,,,Groupe de travail,mp4,1,1,2,Monté (Anthony),,,Oui,Oui,Oui,Oui,,https://youtu.be/jhFFho-zpoM,
Chimie,Générale,Fluor,1560,1,oui,oui,08/11/2025,,,Groupe de travail,mp4,1,1,2,Monté (Anthony),,,Oui,Oui,Oui,Oui,,https://youtu.be/rDnS9lXFiqo,
Chimie,Générale,Néon,1561,1,oui,oui,08/11/2025,,,Groupe de travail,mp4,1,1,2,Monté (Anthony),,,Oui,Oui,Oui,Oui,,https://youtu.be/tRamP-M1fr8,
Chimie,Générale,Sodium,1562,1,oui,oui,08/11/2025,,,Groupe de travail,mp4,1,1,2,Monté (Anthony),,,Oui,Oui,Oui,Oui,,https://youtu.be/23rSxISI5rY,
Chimie,Générale,Magnésium,1563,1,oui,oui,08/11/2025,,,Groupe de travail,mp4,1,1,2,Monté (Anthony),,,Oui,Oui,Oui,Oui,,https://youtu.be/uCQYAIyvz9s,
Chimie,Générale,Aluminium,1564,1,oui,oui,08/11/2025,,,Groupe de travail,mp4,1,1,2,Monté (Anthony),,,Oui,Oui,Oui,Oui,,https://youtu.be/UruzZic1RsY,
Chimie,Générale,Silicium,1565,1,oui,oui,08/11/2025,,,Groupe de travail,mp4,1,1,2,Monté (Anthony),,,Oui,Oui,Oui,Oui,,https://youtu.be/yJjIuryMMZo,
Chimie,Générale,Phosphore,1566,1,oui,oui,08/11/2025,,,Groupe de travail,mp4,1,1,2,Monté (Anthony),,,Oui,Oui,Oui,Oui,,https://youtu.be/tfdCugAqz7o,
Chimie,Générale,Soufre,1567,1,oui,oui,08/11/2025,,,Groupe de travail,mp4,1,1,2,Monté (Anthony),,,Oui,Oui,Oui,Oui,,https://youtu.be/tfEIY4l13Ek,
Chimie,Générale,Chlore,1568,1,oui,oui,08/11/2025,,,Groupe de travail,mp4,1,1,2,Monté (Anthony),,,Oui,Oui,Oui,Oui,,https://youtu.be/jfW2W9ImeNE,
Chimie,Générale,Argon,1569,1,oui,oui,08/11/2025,,,Groupe de travail,mp4,1,1,2,Monté (Anthony),,,Oui,Oui,Oui,Oui,,https://youtu.be/92Wo3zeil58,
Chimie,Générale,Potassium,1570,1,oui,oui,08/11/2025,,,Groupe de travail,mp4,1,1,2,Monté (Anthony),,,Oui,Oui,Oui,Oui,,https://youtu.be/reifx29zIxg,
Chimie,Générale,Calcium,1571,1,oui,oui,08/11/2025,,,Groupe de travail,mp4,1,1,2,Monté (Anthony),,,Oui,Oui,Oui,Oui,,https://youtu.be/7S6e9Ht70DY,
Chimie,Générale,Scandium,1572,1,oui,oui,08/11/2025,,,Groupe de travail,mp4,1,1,2,Monté (Anthony),,,Oui,Oui,Oui,Oui,,https://youtu.be/7WA_YETJktE,
Chimie,Générale,Titane,1573,1,oui,oui,08/11/2025,,,Groupe de travail,mp4,1,1,2,Monté (Anthony),,,Oui,Oui,Oui,Oui,,https://youtu.be/8iA0i-q-qBQ,
Chimie,Générale,Vanadium,1574,1,oui,oui,08/11/2025,,,Groupe de travail,mp4,1,1,2,Monté (Anthony),,,Oui,Oui,Oui,Oui,,https://youtu.be/MLYfUOxkUjw,
Chimie,Générale,Chrome,1575,1,oui,oui,08/11/2025,,,Groupe de travail,mp4,1,1,2,Monté (Anthony),,,Oui,Oui,Oui,Oui,,https://youtu.be/o_el6hu1Y1E,
Chimie,Générale,Manganèse,1576,1,oui,oui,08/11/2025,,,Groupe de travail,mp4,1,1,2,Monté (Anthony),,,Oui,Oui,Oui,Oui,,https://youtu.be/OTmEat3_M-0,
Chimie,Générale,Fer,1577,1,oui,oui,08/11/2025,,,Groupe de travail,mp4,1,1,2,Monté (Anthony),,,Oui,Oui,Oui,Oui,,https://youtu.be/LtCA_QxQlZw,
Chimie,Générale,Cobalt,1578,1,oui,oui,08/11/2025,,,Groupe de travail,mp4,1,1,2,Monté (Anthony),,,Oui,Oui,Oui,Oui,,https://youtu.be/zbDsd1EKAoQ,
Chimie,Générale,Nickel,1579,1,oui,oui,08/11/2025,,,Groupe de travail,mp4,1,1,2,Monté (Anthony),,,Oui,Oui,Oui,Oui,,https://youtu.be/EnC3Llb8YUg,
Chimie,Générale,Cuivre,1580,1,oui,oui,08/11/2025,,,Groupe de travail,mp4,1,1,2,Monté (Anthony),,,Oui,Oui,Oui,Oui,,https://youtu.be/KKe1vcR3B8U,
Chimie,Générale,Zinc,1581,1,oui,oui,08/11/2025,,,Groupe de travail,mp4,1,1,2,Monté (Anthony),,,Oui,Oui,Oui,Oui,,https://youtu.be/0Jh_l_QAD28,
Chimie,Générale,Gallium,1582,1,oui,oui,08/11/2025,,,Groupe de travail,mp4,1,1,2,Monté (Anthony),,,Oui,Oui,Oui,Oui,,https://youtu.be/bWm5BjSOO1E,
Chimie,Générale,Germanium,1583,1,oui,oui,08/11/2025,,,Groupe de travail,mp4,1,1,2,Monté (Anthony),,,Oui,Oui,Oui,Oui,,https://youtu.be/sJsZPf3v1Z8,
Chimie,Générale,Arsenic,1584,1,oui,oui,08/11/2025,,,Groupe de travail,mp4,1,1,2,Monté (Anthony),,,Oui,Oui,Oui,Oui,,https://youtu.be/-q1tmNETGok,
Chimie,Générale,Sélénium,1585,1,oui,oui,08/11/2025,,,Groupe de travail,mp4,1,1,2,Monté (Anthony),,,Oui,Oui,Oui,Oui,,https://youtu.be/ZvgiFl5a7tU,
Chimie,Générale,Brome,1586,1,oui,oui,08/11/2025,,,Groupe de travail,mp4,1,1,2,Monté (Anthony),,,Oui,Oui,Oui,Oui,,https://youtu.be/7Kfzy4o6EhI,
Chimie,Générale,Krypton,1587,1,oui,oui,08/11/2025,,,Groupe de travail,mp4,1,1,2,Monté (Anthony),,,Oui,Oui,Oui,Oui,,https://youtu.be/W0xdPZYgwYU,
Chimie,Générale,Rubidium,1588,1,oui,oui,08/11/2025,,,Groupe de travail,mp4,1,1,2,Monté (Anthony),,,Oui,Oui,Oui,Oui,,https://youtu.be/hjqExeM5BFY,
Chimie,Générale,Strontium,1589,1,oui,oui,08/11/2025,,,Groupe de travail,mp4,1,1,2,Monté (Anthony),,,Oui,Oui,Oui,Oui,,https://youtu.be/-bmIbcT3iPg,
Chimie,Générale,Yttrium,1590,1,oui,oui,08/11/2025,,,Groupe de travail,mp4,1,1,2,Monté (Anthony),,,Oui,Oui,Oui,Oui,,https://youtu.be/e438ieeG2jo,
Chimie,Générale,Zirconium,1591,1,oui,oui,08/11/2025,,,Groupe de travail,mp4,1,1,2,Monté (Anthony),,,Oui,Oui,Oui,Oui,,https://youtu.be/AlPV03tOI1s,
Chimie,Générale,Niobium,1592,1,oui,oui,04/05/2026,,,Groupe de travail,mp4,1,1,2,Monté (Anthony),,,,Oui,Oui,Oui,,https://youtu.be/hLyyPnb2KEw,
Chimie,Générale,Molybdène,1593,1,oui,oui,08/11/2025,,,Groupe de travail,mp4,1,1,2,Monté (Anthony),,,Oui,Oui,Oui,Oui,,https://youtu.be/ZvgiFl5a7tU,
Chimie,Générale,Technétium,1594,1,oui,oui,08/11/2025,,,Groupe de travail,mp4,1,1,2,Monté (Anthony),,,Oui,Oui,Oui,Oui,,https://youtu.be/XsDiW2C0aQ8,
Chimie,Générale,Ruthénium,1595,1,oui,oui,08/11/2025,,,Groupe de travail,mp4,1,1,2,Monté (Anthony),,,Oui,Oui,Oui,Oui,,https://youtu.be/CF7UFwRrDHE,
Chimie,Générale,Rhodium,1596,1,oui,oui,08/11/2025,,,Groupe de travail,mp4,1,1,2,Monté (Anthony),,,Oui,Oui,Oui,Oui,,https://youtu.be/3CCg397dAmI,
Chimie,Générale,Palladium,1597,1,oui,oui,08/11/2025,,,Groupe de travail,mp4,1,1,2,Monté (Anthony),,,Oui,Oui,Oui,Oui,,https://youtu.be/4QzXx1-4W-s,
Chimie,Générale,Argent,1598,1,oui,oui,08/11/2025,,,Groupe de travail,mp4,1,1,2,Monté (Anthony),,,Oui,Oui,Oui,Oui,,https://youtu.be/FscVD35Plqk,
Chimie,Générale,Cadmium,1599,1,oui,oui,08/11/2025,,,Groupe de travail,mp4,1,1,2,Monté (Anthony),,,Oui,Oui,Oui,Oui,,https://youtu.be/KHeik3JLzyA,
Chimie,Générale,Indium,1600,1,oui,oui,08/11/2025,,,Groupe de travail,mp4,1,1,2,Monté (Anthony),,,Oui,Oui,Oui,Oui,,https://youtu.be/L6NLyl0ET8I,
Chimie,Générale,Etain,1601,1,oui,oui,08/11/2025,,,Groupe de travail,mp4,1,1,2,Monté (Anthony),,,Oui,Oui,Oui,Oui,,https://youtu.be/HCMElLSETTw,
Chimie,Générale,Antimoine,1602,1,oui,oui,08/11/2025,,,Groupe de travail,mp4,1,1,2,Monté (Anthony),,,Oui,Oui,Oui,Oui,,https://youtu.be/Z47iZlt0IYI,
Chimie,Générale,Tellure,1603,1,oui,oui,08/11/2025,,,Groupe de travail,mp4,1,1,2,Monté (Anthony),,,Oui,Oui,Oui,Oui,,https://youtu.be/2Zub53pYb2A,
Chimie,Générale,Iode,1604,1,oui,oui,08/11/2025,,,Groupe de travail,mp4,1,1,2,Monté (Anthony),,,Oui,Oui,Oui,Oui,,https://youtu.be/zpXXqOiOf48,
Chimie,Générale,Xénon,1605,1,oui,oui,08/11/2025,,,Groupe de travail,mp4,1,1,2,Monté (Anthony),,,Oui,Oui,Oui,Oui,,https://youtu.be/86l2_aRaXt8,
Chimie,Générale,Césium,1606,1,oui,oui,08/11/2025,,,Groupe de travail,mp4,1,1,2,Monté (Anthony),,,Oui,Oui,Oui,Oui,,https://youtu.be/KTXCXicMb5s,
Chimie,Générale,Baryum,1607,1,oui,oui,08/11/2025,,,Groupe de travail,mp4,1,1,2,Monté (Anthony),,,Oui,Oui,Oui,Oui,,https://youtu.be/GIQwbfIEqUs,
Chimie,Générale,Lanthane,1608,1,oui,oui,08/11/2025,,,Groupe de travail,mp4,1,1,2,Monté (Anthony),,,Oui,Oui,Oui,Oui,,https://youtu.be/QcAUrb_6nAc,
Chimie,Générale,Hafnium,1609,1,oui,oui,08/11/2025,,,Groupe de travail,mp4,1,1,2,Monté (Anthony),,,Oui,Oui,Oui,Oui,,https://youtu.be/gCiluac3oOY,
Chimie,Générale,Tantale,1610,1,oui,oui,08/11/2025,,,Groupe de travail,mp4,1,1,2,Monté (Anthony),,,Oui,Oui,Oui,Oui,,https://youtu.be/AjjlV8kZHGg,
Chimie,Générale,Tungstène,1611,1,oui,oui,08/11/2025,,,Groupe de travail,mp4,1,1,2,Monté (Anthony),,,Oui,Oui,Oui,Oui,,https://youtu.be/2H-C7yYeQ_A,
Chimie,Générale,Rhénium,1612,1,oui,oui,08/11/2025,,,Groupe de travail,mp4,1,1,2,Monté (Anthony),,,Oui,Oui,Oui,Oui,,https://youtu.be/719VnktOT2U,
Chimie,Générale,Osmium,1613,1,oui,oui,08/11/2025,,,Groupe de travail,mp4,1,1,2,Monté (Anthony),,,Oui,Oui,Oui,Oui,,https://youtu.be/a68vOEy3mI4,
Chimie,Générale,Iridium,1614,1,oui,oui,08/11/2025,,,Groupe de travail,mp4,1,1,2,Monté (Anthony),,,Oui,Oui,Oui,Oui,,https://youtu.be/dE8Gf_WvziQ,
Chimie,Générale,Platine,1615,1,oui,oui,08/11/2025,,,Groupe de travail,mp4,1,1,2,Monté (Anthony),,,Oui,Oui,Oui,Oui,,https://youtu.be/EdEfT4hn0N8,
Chimie,Générale,Or,1616,1,oui,oui,08/11/2025,,,Groupe de travail,mp4,1,1,2,Monté (Anthony),,,Oui,Oui,Oui,Oui,,https://youtu.be/kOf9ZUVJOfs,
Chimie,Générale,Mercure,1617,1,oui,oui,08/11/2025,,,Groupe de travail,mp4,1,1,2,Monté (Anthony),,,Oui,Oui,Oui,Oui,,https://youtu.be/LMPm_1sjO2g,
Chimie,Générale,Thallium,1618,1,oui,oui,08/11/2025,,,Groupe de travail,mp4,1,1,2,Monté (Anthony),,,Oui,Oui,Oui,Oui,,https://youtu.be/QVgI17-rKx0,
Chimie,Générale,Plomb,1619,1,oui,oui,08/11/2025,,,Groupe de travail,mp4,1,1,2,Monté (Anthony),,,Oui,Oui,Oui,Oui,,https://youtu.be/4emY2Ddv5PI,
Chimie,Générale,Bismuth,1620,1,oui,oui,08/11/2025,,,Groupe de travail,mp4,1,1,2,Monté (Anthony),,,Oui,Oui,Oui,Oui,,https://youtu.be/royDpl-sjWk,
Chimie,Générale,Polonium,1621,1,oui,oui,08/11/2025,,,Groupe de travail,mp4,1,1,2,Monté (Anthony),,,Oui,Oui,Oui,Oui,,https://youtu.be/HTTG4JMUUSQ,
Chimie,Générale,Astate,1622,1,oui,oui,08/11/2025,,,Groupe de travail,mp4,1,1,2,Monté (Anthony),,,Oui,Oui,Oui,Oui,,https://youtu.be/t3WquzhJOFc,
Chimie,Générale,Radon,1623,1,oui,oui,08/11/2025,,,Groupe de travail,mp4,1,1,2,Monté (Anthony),,,Oui,Oui,Oui,Oui,,https://youtu.be/9dp3cckKb20,
Chimie,Générale,Francium,1624,1,oui,oui,08/11/2025,,,Groupe de travail,mp4,1,1,2,Monté (Anthony),,,Oui,Oui,Oui,Oui,,https://youtu.be/d8KpGXZoesc,
Chimie,Générale,Radium,1625,1,oui,oui,08/11/2025,,,Groupe de travail,mp4,1,1,2,Monté (Anthony),,,Oui,Oui,Oui,Oui,,https://youtu.be/_Dfw-qNZehY,
Chimie,Générale,Actinium,1626,1,oui,oui,08/11/2025,,,Groupe de travail,mp4,1,1,2,Monté (Anthony),,,Oui,Oui,Oui,Oui,,https://youtu.be/kghXpau4_dY,
Chimie,Générale,Rutherfordium,1627,1,oui,oui,08/11/2025,,,Groupe de travail,mp4,1,1,2,Monté (Anthony),,,Oui,Oui,Oui,Oui,,https://youtu.be/XWNn2sbvvHE,
Chimie,Générale,Dubnium,1628,1,oui,oui,08/11/2025,,,Groupe de travail,mp4,1,1,2,Monté (Anthony),,,Oui,Oui,Oui,Oui,,https://youtu.be/CkIz9xvsgpU,
Chimie,Générale,Seaborgium,1629,1,oui,oui,08/11/2025,,,Groupe de travail,mp4,1,1,2,Monté (Anthony),,,Oui,Oui,Oui,Oui,,https://youtu.be/fUH2odumN04,
Chimie,Générale,Bohrium,1630,1,oui,oui,08/11/2025,,,Groupe de travail,mp4,1,1,2,Monté (Anthony),,,Oui,Oui,Oui,Oui,,https://youtu.be/Oxv0rkRL6TE,
Chimie,Générale,Hassium,1631,1,oui,oui,08/11/2025,,,Groupe de travail,mp4,1,1,2,Monté (Anthony),,,Oui,Oui,Oui,Oui,,https://youtu.be/N_c1tQobFL4,
Chimie,Générale,Meitnérium,1632,1,oui,oui,08/11/2025,,,Groupe de travail,mp4,1,1,2,Monté (Anthony),,,Oui,Oui,Oui,Oui,,https://youtu.be/wUvKwx6JiL0,
Chimie,Générale,Darmstadium,1633,1,oui,oui,08/11/2025,,,Groupe de travail,mp4,1,1,2,Monté (Anthony),,,Oui,Oui,Oui,Oui,,https://youtu.be/CxbFFlzwjd0,
Chimie,Générale,Roentgenium,1634,1,oui,oui,08/11/2025,,,Groupe de travail,mp4,1,1,2,Monté (Anthony),,,Oui,Oui,Oui,Oui,,https://youtu.be/FwYIqZBUf40,
Chimie,Générale,Copernicium,1635,1,oui,oui,04/05/2026,,,Groupe de travail,mp4,1,1,2,Monté (Anthony),,,,Oui,Oui,Oui,,https://youtu.be/Q_n1VrCYSTo,
Chimie,Générale,Nihonium,1636,1,oui,oui,04/05/2026,,,Groupe de travail,mp4,1,1,2,Monté (Anthony),,,,Oui,Oui,Oui,,https://youtu.be/aFLRKTtAWdA,
Chimie,Générale,Flérovium,1637,1,oui,oui,04/05/2026,,,Groupe de travail,mp4,1,1,2,Monté (Anthony),,,,Oui,Oui,Oui,,https://youtu.be/iiPimWti8no,
Chimie,Générale,Moscovium,1638,1,oui,oui,04/05/2026,,,Groupe de travail,mp4,1,1,2,Monté (Anthony),,,,Oui,Oui,Oui,,https://youtu.be/RwIjTX0p9mQ,
Chimie,Générale,Livermorium,1639,1,oui,oui,04/05/2026,,,Groupe de travail,mp4,1,1,2,Monté (Anthony),,,,Oui,Oui,Oui,,https://youtu.be/dXgaj-59FsM,
Chimie,Générale,Tennesse,1640,1,oui,oui,04/05/2026,,,Groupe de travail,mp4,1,1,2,Monté (Anthony),,,,Oui,Oui,Oui,,https://youtu.be/dLI6rwOk6U0,
Chimie,Générale,Oganesson,1641,1,oui,oui,04/05/2026,,,Groupe de travail,mp4,1,1,2,Monté (Anthony),,,,Oui,Oui,Oui,,https://youtu.be/Q_eb4JSPOkc,
Chimie,Générale,Cérium,1642,1,oui,oui,08/11/2025,,,Groupe de travail,mp4,1,1,2,Monté (Anthony),,,Oui,Oui,Oui,Oui,,https://youtu.be/YGOXluk9y14,
Chimie,Générale,Praséodyme,1643,1,oui,oui,08/11/2025,,,Groupe de travail,mp4,1,1,2,Monté (Anthony),,,Oui,Oui,Oui,Oui,,https://youtu.be/4mASnPBzovs,
Chimie,Générale,Néodyme,1644,1,oui,oui,08/11/2025,,,Groupe de travail,mp4,1,1,2,Monté (Anthony),,,Oui,Oui,Oui,Oui,,https://youtu.be/Rn9ZBAXfD1c,
Chimie,Générale,Prométhium,1645,1,oui,oui,08/11/2025,,,Groupe de travail,mp4,1,1,2,Monté (Anthony),,,Oui,Oui,Oui,Oui,,https://youtu.be/5Eqtx-z6eZs,
Chimie,Générale,Samarium,1646,1,oui,oui,08/11/2025,,,Groupe de travail,mp4,1,1,2,Monté (Anthony),,,Oui,Oui,Oui,Oui,,https://youtu.be/yqhzrIuGMxU,
Chimie,Générale,Europium,1647,1,oui,oui,08/11/2025,,,Groupe de travail,mp4,1,1,2,Monté (Anthony),,,Oui,Oui,Oui,Oui,,https://youtu.be/phzRYZgb0Vk,
Chimie,Générale,Gadolinium,1648,1,oui,oui,08/11/2025,,,Groupe de travail,mp4,1,1,2,Monté (Anthony),,,Oui,Oui,Oui,Oui,,https://youtu.be/BQFXubTuVuM,
Chimie,Générale,Terbium,1649,1,oui,oui,08/11/2025,,,Groupe de travail,mp4,1,1,2,Monté (Anthony),,,Oui,Oui,Oui,Oui,,https://youtu.be/nJhGmC43KTk,
Chimie,Générale,Dysprosium,1650,1,oui,oui,08/11/2025,,,Groupe de travail,mp4,1,1,2,Monté (Anthony),,,Oui,Oui,Oui,Oui,,https://youtu.be/Xu2q68Kuc3Y,
Chimie,Générale,Holmium,1651,1,oui,oui,08/11/2025,,,Groupe de travail,mp4,1,1,2,Monté (Anthony),,,Oui,Oui,Oui,Oui,,https://youtu.be/9-IW8ll7JJQ,
Chimie,Générale,Erbium,1652,1,oui,oui,08/11/2025,,,Groupe de travail,mp4,1,1,2,Monté (Anthony),,,Oui,Oui,Oui,Oui,,https://youtu.be/ZS0qxtJhwtc,
Chimie,Générale,Thulium,1653,1,oui,oui,08/11/2025,,,Groupe de travail,mp4,1,1,2,Monté (Anthony),,,Oui,Oui,Oui,Oui,,https://youtu.be/UPVGrc9ryOw,
Chimie,Générale,Ytterbium,1654,1,oui,oui,08/11/2025,,,Groupe de travail,mp4,1,1,2,Monté (Anthony),,,Oui,Oui,Oui,Oui,,https://youtu.be/PG8YldUQZ4E,
Chimie,Générale,Lutécium,1655,1,oui,oui,08/11/2025,,,Groupe de travail,mp4,1,1,2,Monté (Anthony),,,Oui,Oui,Oui,Oui,,https://youtu.be/ZRSIdLgXrhw,
Chimie,Générale,Thorium,1656,1,oui,oui,08/11/2025,,,Groupe de travail,mp4,1,1,2,Monté (Anthony),,,Oui,Oui,Oui,Oui,,https://youtu.be/yiFq5381DTI,
Chimie,Générale,Protactinium,1657,1,oui,oui,08/11/2025,,,Groupe de travail,mp4,1,1,2,Monté (Anthony),,,Oui,Oui,Oui,Oui,,https://youtu.be/rreLu66VnQU,
Chimie,Générale,Uranium,1658,3,oui,oui,08/11/2025,,,Groupe de travail,mp4,1,1,2,Monté (Anthony),,,Oui,Oui,Oui,Oui,,https://youtu.be/L9M6Z0PSsoc,
Chimie,Générale,Neptunium,1659,1,oui,oui,08/11/2025,,,Groupe de travail,mp4,1,1,2,Monté (Anthony),,,Oui,Oui,Oui,Oui,,https://youtu.be/B3H0elyN8ZA,
Chimie,Générale,Plutonium,1660,1,oui,oui,08/11/2025,,,Groupe de travail,mp4,1,1,2,Monté (Anthony),,,Oui,Oui,Oui,Oui,,https://youtu.be/rK5Q6_ZmU60,
Chimie,Générale,Américum,1661,1,oui,oui,08/11/2025,,,Groupe de travail,mp4,1,1,2,Monté (Anthony),,,Oui,Oui,Oui,Oui,,https://youtu.be/1TLLFjy2pjI,
Chimie,Générale,Curium,1662,1,oui,oui,08/11/2025,,,Groupe de travail,mp4,1,1,2,Monté (Anthony),,,Oui,Oui,Oui,Oui,,https://youtu.be/Si0VGJt9FwU,
Chimie,Générale,Berkélium,1663,1,oui,oui,08/11/2025,,,Groupe de travail,mp4,1,1,2,Monté (Anthony),,,Oui,Oui,Oui,Oui,,https://youtu.be/BXPQqvYfKaw,
Chimie,Générale,Californium,1664,1,oui,oui,08/11/2025,,,Groupe de travail,mp4,1,1,2,Monté (Anthony),,,Oui,Oui,Oui,Oui,,https://youtu.be/ewoUxa6WpIc,
Chimie,Générale,Einsteinium,1665,1,oui,oui,08/11/2025,,,Groupe de travail,mp4,1,1,2,Monté (Anthony),,,Oui,Oui,Oui,Oui,,https://youtu.be/EYNUo9_d6k0,
Chimie,Générale,Fermium,1666,1,oui,oui,08/11/2025,,,Groupe de travail,mp4,1,1,2,Monté (Anthony),,,Oui,Oui,Oui,Oui,,https://youtu.be/-kxZpzgry0M,
Chimie,Générale,Mendélévium,1667,1,oui,oui,08/11/2025,,,Groupe de travail,mp4,1,1,2,Monté (Anthony),,,Oui,Oui,Oui,Oui,,https://youtu.be/GO-K93r1Al0,
Chimie,Générale,Nobélium,1668,1,oui,oui,08/11/2025,,,Groupe de travail,mp4,1,1,2,Monté (Anthony),,,Oui,Oui,Oui,Oui,,https://youtu.be/sgtyNxCzqmg,
Chimie,Générale,Lawrencium,1669,1,oui,oui,08/11/2025,,,Groupe de travail,mp4,1,1,2,Monté (Anthony),,,Oui,Oui,Oui,Oui,,https://youtu.be/dUeUQlseVKg,
Chimie,Générale,Ununtrium,1670,1,oui,oui,08/11/2025,,,Groupe de travail,mp4,1,1,2,Monté (Anthony),,,Oui,Oui,Oui,Oui,,https://youtu.be/PbBkd6Ztwgc,
Chimie,Générale,Ununoctium,1671,1,oui,oui,08/11/2025,,,Groupe de travail,mp4,1,1,2,Monté (Anthony),,,Oui,Oui,Oui,Oui,,https://youtu.be/3c-N7_TFs2c,
Chimie,Générale,Ununpentium,1672,1,oui,oui,08/11/2025,,,Groupe de travail,mp4,1,1,2,Monté (Anthony),,,Oui,Oui,Oui,Oui,,https://youtu.be/34eswN6Pmrg,
Chimie,Générale,Ununseptium,1673,1,oui,oui,08/11/2025,,,Groupe de travail,mp4,1,1,2,Monté (Anthony),,,Oui,Oui,Oui,Oui,,https://youtu.be/nGZ2u7X9l8Q,
Environnement,Ecologie,Crocodilés,1674,1,oui,oui,25/04/2026,,,Groupe de travail,mov,1,1,2,Monté (Anthony),,,,Oui,Oui,Oui,,,
Environnement,Ecologie,Crocodile,1675,1,oui,oui,25/04/2026,,,Groupe de travail,mov,1,1,2,Monté (Anthony),,,,Oui,Oui,Oui,,,
Environnement,Ecologie,Crocodile,1676,2,oui,oui,25/04/2026,,,Groupe de travail,mov,1,1,2,Monté (Anthony),,,,Oui,Oui,Oui,,,
Environnement,Ecologie,Alligator,1677,1,oui,oui,25/04/2026,,,Groupe de travail,mov,1,1,2,Monté (Anthony),,,,Oui,Oui,Oui,,,
Environnement,Ecologie,Alligator,1678,2,oui,oui,25/04/2026,,,Groupe de travail,mov,1,1,2,Monté (Anthony),,,,Oui,Oui,Oui,,,
Environnement,Ecologie,Caïman,1679,1,oui,oui,25/04/2026,,,Groupe de travail,mov,1,1,2,Monté (Anthony),,,,Oui,Oui,Oui,,,
Environnement,Ecologie,Gavial,1680,1,oui,oui,25/04/2026,,,Groupe de travail,mov,1,1,2,Monté (Anthony),,,,Oui,Oui,Oui,,,
Environnement,Ecologie,Gavial,1681,2,oui,oui,25/04/2026,,,Groupe de travail,mov,1,1,2,Monté (Anthony),,,,Oui,Oui,Oui,,,
Environnement,Ecologie,Orthorynque,1682,1,oui,oui,25/04/2026,,,Groupe de travail,mov,1,1,2,Monté (Anthony),,,,Oui,Oui,Oui,,,
Sciences de la Vie,Génétique,Hybride (animal),1683,1,oui,oui,25/04/2026,,,Groupe de travail,,1,1,2,,,,,,,,,,
Sciences de la Vie,Génétique,Hybride (plante),1684,1,oui,oui,25/04/2026,,,Groupe de travail,,1,1,2,,,,,,,,,,
Environnement,Ecologie,Putois,1685,1,oui,oui,25/04/2026,,,Groupe de travail,,1,1,2,,,,,,,,,,
Environnement,Ecologie,Mouflette,1686,1,oui,oui,25/04/2026,,,Groupe de travail,,1,1,2,,,,,,,,,,
Environnement,Ecologie,Blaireau,1687,1,oui,oui,25/04/2026,,,Groupe de travail,,1,1,2,,,,,,,,,,
Environnement,Ecologie,Raton-laveur,1688,1,oui,oui,25/04/2026,,,Groupe de travail,,1,1,2,,,,,,,,,,
Environnement,Ecologie,Loutre,1689,1,oui,oui,25/04/2026,,,Groupe de travail,,1,1,2,,,,,,,,,,
Environnement,Ecologie,Souris,1690,1,oui,oui,25/04/2026,,,Groupe de travail,,1,1,2,,,,,,,,,,
Environnement,Ecologie,Grive,1691,1,oui,oui,25/04/2026,,,Groupe de travail,,1,1,2,,,,,,,,,,
Environnement,Ecologie,Grive musicienne,1692,1,oui,oui,25/04/2026,,,Groupe de travail,,1,1,2,,,,,,,,,,
Environnement,Ecologie,Grive draine,1693,1,oui,oui,25/04/2026,,,Groupe de travail,,1,1,2,,,,,,,,,,
Environnement,Ecologie,Grive mauvis,1694,1,oui,oui,25/04/2026,,,Groupe de travail,,1,1,2,,,,,,,,,,
Environnement,Ecologie,Tarin des aulnes,1695,1,oui,oui,25/04/2026,,,Groupe de travail,,1,1,2,,,,,,,,,,
Environnement,Ecologie,Serin cini,1696,1,oui,oui,25/04/2026,,,Groupe de travail,,1,1,2,,,,,,,,,,
Environnement,Ecologie,Rougequeue,1697,1,oui,oui,25/04/2026,,,Groupe de travail,,1,1,2,,,,,,,,,,
Environnement,Ecologie,Rougequeue noir,1698,1,oui,oui,25/04/2026,,,Groupe de travail,,1,1,2,,,,,,,,,,
Environnement,Ecologie,Rougequeue à front blanc,1699,1,oui,oui,25/04/2026,,,Groupe de travail,,1,1,2,,,,,,,,,,
Environnement,Ecologie,Gobemouche,1700,1,oui,oui,25/04/2026,,,Groupe de travail,,1,1,2,,,,,,,,,,
Environnement,Ecologie,Rat,1701,1,oui,oui,25/04/2026,,,Groupe de travail,,1,1,2,,,,,,,,,,
Environnement,Ecologie,Gobemouche gris,1702,1,oui,oui,25/04/2026,,,Groupe de travail,,1,1,2,,,,,,,,,,
Environnement,Ecologie,Gobemouche noir,1703,1,oui,oui,25/04/2026,,,Groupe de travail,,1,1,2,,,,,,,,,,
Environnement,Ecologie,Epervier d'Europe,1704,1,oui,oui,25/04/2026,,,Groupe de travail,,1,1,2,,,,,,,,,,
Environnement,Ecologie,Epervier à pieds courts,1705,1,oui,oui,25/04/2026,,,Groupe de travail,,1,1,2,,,,,,,,,,
Environnement,Ecologie,Musaraigne,1706,1,oui,oui,25/04/2026,,,Groupe de travail,,1,1,2,,,,,,,,,,
Environnement,Ecologie,Mulot,1707,1,oui,oui,25/04/2026,,,Groupe de travail,,1,1,2,,,,,,,,,,
Environnement,Ecologie,Buse,1708,1,oui,oui,25/04/2026,,,Groupe de travail,,1,1,2,,,,,,,,,,
Environnement,Ecologie,Campagnole,1709,1,oui,oui,25/04/2026,,,Groupe de travail,,1,1,2,,,,,,,,,,
Environnement,Ecologie,Cervidés,1710,1,oui,oui,25/04/2026,,,Groupe de travail,,1,1,2,,,,,,,,,,
Environnement,Ecologie,Cerf,1711,1,oui,oui,25/04/2026,,,Groupe de travail,,1,1,2,,,,,,,,,,
Environnement,Ecologie,Brame,1712,1,oui,oui,25/04/2026,,,Groupe de travail,,1,1,2,,,,,,,,,,
Environnement,Ecologie,Elan,1713,1,oui,oui,25/04/2026,,,Groupe de travail,,1,1,2,,,,,,,,,,
Environnement,Ecologie,Orignal,1714,1,oui,oui,25/04/2026,,,Groupe de travail,,1,1,2,,,,,,,,,,
Environnement,Ecologie,Renne,1715,1,oui,oui,25/04/2026,,,Groupe de travail,,1,1,2,,,,,,,,,,
Environnement,Ecologie,Caribou,1716,1,oui,oui,25/04/2026,,,Groupe de travail,,1,1,2,,,,,,,,,,
Environnement,Ecologie,Félins,1717,1,oui,oui,25/04/2026,,,Groupe de travail,,1,1,2,,,,,,,,,,
Environnement,Ecologie,Guépard,1718,2,oui,oui,25/04/2026,,,Groupe de travail,,1,1,2,,,,,,,,,,
Environnement,Ecologie,Chevreuil,1719,1,oui,oui,25/04/2026,,,Groupe de travail,,1,1,2,,,,,,,,,,
Environnement,Ecologie,Daim,1720,1,oui,oui,25/04/2026,,,Groupe de travail,,1,1,2,,,,,,,,,,
Environnement,Ecologie,Puma,1721,1,oui,oui,25/04/2026,,,Groupe de travail,,1,1,2,,,,,,,,,,
Environnement,Ecologie,Ocelot,1722,1,oui,oui,25/04/2026,,,Groupe de travail,,1,1,2,,,,,,,,,,
Environnement,Ecologie,Faon,1723,1,oui,oui,25/04/2026,,,Groupe de travail,,1,1,2,,,,,,,,,,
Environnement,Ecologie,Yack,1724,1,oui,oui,25/04/2026,,,Groupe de travail,,1,1,2,,,,,,,,,,
Environnement,Ecologie,Bison,1725,1,oui,oui,25/04/2026,,,Groupe de travail,,1,1,2,,,,,,,,,,
Environnement,Ecologie,Auroch,1726,1,oui,oui,25/04/2026,,,Groupe de travail,,1,1,2,,,,,,,,,,
Environnement,Ecologie,Lynx,1727,1,oui,oui,25/04/2026,,,Groupe de travail,,1,1,2,,,,,,,,,,
Environnement,Ecologie,Lynx,1728,2,oui,oui,25/04/2026,,,Groupe de travail,,1,1,2,,,,,,,,,,
Environnement,Ecologie,Boeuf musqué,1729,1,oui,oui,25/04/2026,,,Groupe de travail,,1,1,2,,,,,,,,,,
Environnement,Ecologie,Serval,1730,1,oui,oui,25/04/2026,,,Groupe de travail,,1,1,2,,,,,,,,,,
Environnement,Ecologie,Gnou,1731,1,oui,oui,25/04/2026,,,Groupe de travail,,1,1,2,,,,,,,,,,
Environnement,Ecologie,Lama,1732,1,oui,oui,25/04/2026,,,Groupe de travail,,1,1,2,,,,,,,,,,
Environnement,Ecologie,Alpaga,1733,1,oui,oui,25/04/2026,,,Groupe de travail,,1,1,2,,,,,,,,,,
Environnement,Ecologie,Canidés,1734,1,oui,oui,25/04/2026,,,Groupe de travail,,1,1,2,,,,,,,,,,
Environnement,Ecologie,Lyacon,1735,1,oui,oui,25/04/2026,,,Groupe de travail,,1,1,2,,,,,,,,,,
Environnement,Ecologie,Hyène,1736,1,oui,oui,25/04/2026,,,Groupe de travail,,1,1,2,,,,,,,,,,
Environnement,Ecologie,Hyène,1737,2,oui,oui,25/04/2026,,,Groupe de travail,,1,1,2,,,,,,,,,,
Environnement,Ecologie,Chacal,1738,1,oui,oui,25/04/2026,,,Groupe de travail,,1,1,2,,,,,,,,,,
Environnement,Ecologie,Volcan,1739,1,oui,oui,25/04/2026,,,Groupe de travail,,1,1,2,,,,,,,,,,
Environnement,Ecologie,Fennec,1740,1,oui,oui,25/04/2026,,,Groupe de travail,,1,1,2,,,,,,,,,,
Environnement,Géologie,Cratère,1741,1,oui,oui,25/04/2026,,,Groupe de travail,,1,1,2,,,,,,,,,,
Environnement,Ecologie,Renard,1742,1,oui,oui,25/04/2026,,,Groupe de travail,,1,1,2,,,,,,,,,,
Environnement,Ecologie,Renard,1743,2,oui,oui,25/04/2026,,,Groupe de travail,,1,1,2,,,,,,,,,,
Environnement,Géologie,Cône,1744,1,oui,oui,25/04/2026,,,Groupe de travail,,1,1,2,,,,,,,,,,
Environnement,Ecologie,Paresseux,1745,1,oui,oui,25/04/2026,,,Groupe de travail,,1,1,2,,,,,,,,,,
Environnement,Géologie,Dôme,1746,1,oui,oui,25/04/2026,,,Groupe de travail,,1,1,2,,,,,,,,,,
Environnement,Ecologie,Paresseux à trois doigts,1747,1,oui,oui,25/04/2026,,,Groupe de travail,,1,1,2,,,,,,,,,,
Environnement,Ecologie,Paresseux à deux doigts,1748,1,oui,oui,25/04/2026,,,Groupe de travail,,1,1,2,,,,,,,,,,
Environnement,Géologie,Cheminée principale,1749,1,oui,oui,25/04/2026,,,Groupe de travail,,1,1,2,,,,,,,,,,
Environnement,Géologie,Cheminée secondaire,1750,1,oui,oui,25/04/2026,,,Groupe de travail,,1,1,2,,,,,,,,,,
Environnement,Géologie,Lave,1751,1,oui,oui,25/04/2026,,,Groupe de travail,,1,1,2,,,,,,,,,,
Environnement,Ecologie,Koala,1752,1,oui,oui,25/04/2026,,,Groupe de travail,,1,1,2,,,,,,,,,,
Environnement,Ecologie,Koala,1753,2,oui,oui,25/04/2026,,,Groupe de travail,,1,1,2,,,,,,,,,,
Environnement,Géologie,Lave fluide,1754,1,oui,oui,25/04/2026,,,Groupe de travail,,1,1,2,,,,,,,,,,
Environnement,Géologie,Lave visqueuse,1755,1,oui,oui,25/04/2026,,,Groupe de travail,,1,1,2,,,,,,,,,,
Environnement,Ecologie,Gecko,1756,1,oui,oui,25/04/2026,,,Groupe de travail,,1,1,2,,,,,,,,,,
Environnement,Ecologie,Gecko,1757,2,oui,oui,25/04/2026,,,Groupe de travail,,1,1,2,,,,,,,,,,
Environnement,Géologie,Magma,1758,1,oui,oui,25/04/2026,,,Groupe de travail,,1,1,2,,,,,,,,,,
Environnement,Ecologie,Arachnidés,1759,1,oui,oui,25/04/2026,,,Groupe de travail,,1,1,2,,,,,,,,,,
Environnement,Géologie,Chambre magmatique,1760,1,oui,oui,25/04/2026,,,Groupe de travail,,1,1,2,,,,,,,,,,
Environnement,Géologie,Volcan endormi,1761,1,oui,oui,25/04/2026,,,Groupe de travail,,1,1,2,,,,,,,,,,
Environnement,Géologie,Volcan éteint,1762,1,oui,oui,25/04/2026,,,Groupe de travail,,1,1,2,,,,,,,,,,
Environnement,Géologie,Volcanisme,1763,1,oui,oui,25/04/2026,,,Groupe de travail,,1,1,2,,,,,,,,,,
Environnement,Ecologie,Mygale,1764,1,oui,oui,25/04/2026,,,Groupe de travail,,1,1,2,,,,,,,,,,
Environnement,Géologie,Volcanologie,1765,1,oui,oui,25/04/2026,,,Groupe de travail,,1,1,2,,,,,,,,,,
Environnement,Géologie,Volcanologue,1766,1,oui,oui,25/04/2026,,,Groupe de travail,,1,1,2,,,,,,,,,,
Environnement,Ecologie,Insecte,1767,1,oui,oui,25/04/2026,,,Groupe de travail,,1,1,2,,,,,,,,,,
Environnement,Géologie,Eruption volcanique,1768,1,oui,oui,25/04/2026,,,Groupe de travail,,1,1,2,,,,,,,,,,
Environnement,Géologie,Eruption effusive,1769,1,oui,oui,25/04/2026,,,Groupe de travail,,1,1,2,,,,,,,,,,
Environnement,Ecologie,Abeille,1770,1,oui,oui,25/04/2026,,,Groupe de travail,,1,1,2,,,,,,,,,,
Environnement,Ecologie,Libellule,1771,1,oui,oui,25/04/2026,,,Groupe de travail,,1,1,2,,,,,,,,,,
Environnement,Ecologie,Guêpe,1772,1,oui,oui,25/04/2026,,,Groupe de travail,,1,1,2,,,,,,,,,,
Environnement,Géologie,Eruption explosive,1773,1,oui,oui,25/04/2026,,,Groupe de travail,,1,1,2,,,,,,,,,,
Environnement,Géologie,Panache volcanique,1774,1,oui,oui,25/04/2026,,,Groupe de travail,,1,1,2,,,,,,,,,,
Environnement,Ecologie,Bourdon,1775,1,oui,oui,25/04/2026,,,Groupe de travail,,1,1,2,,,,,,,,,,
Environnement,Géologie,Bombe volcanique,1776,1,oui,oui,25/04/2026,,,Groupe de travail,,1,1,2,,,,,,,,,,
Environnement,Géologie,Nuée ardente,1777,1,oui,oui,25/04/2026,,,Groupe de travail,,1,1,2,,,,,,,,,,
Environnement,Ecologie,Frelon,1778,1,oui,oui,25/04/2026,,,Groupe de travail,,1,1,2,,,,,,,,,,
Environnement,Géologie,Fumérole,1779,1,oui,oui,25/04/2026,,,Groupe de travail,,1,1,2,,,,,,,,,,
Environnement,Géologie,Geyser,1780,1,oui,oui,25/04/2026,,,Groupe de travail,,1,1,2,,,,,,,,,,
Environnement,Géologie,Stratovolcan,1781,1,oui,oui,25/04/2026,,,Groupe de travail,,1,1,2,,,,,,,,,,
Environnement,Géologie,Caldeira,1782,1,oui,oui,25/04/2026,,,Groupe de travail,,1,1,2,,,,,,,,,,
Environnement,Géologie,Pierre ponce,1783,1,oui,oui,25/04/2026,,,Groupe de travail,,1,1,2,,,,,,,,,,
Environnement,Géologie,Croûte terrestre,1784,1,oui,oui,25/04/2026,,,Groupe de travail,,1,1,2,,,,,,,,,,
Environnement,Géologie,Croûte continentale,1785,1,oui,oui,25/04/2026,,,Groupe de travail,,1,1,2,,,,,,,,,,
Environnement,Géologie,Croûte océanique,1786,1,oui,oui,25/04/2026,,,Groupe de travail,,1,1,2,,,,,,,,,,
Environnement,Géologie,Continent,1787,1,oui,oui,25/04/2026,,,Groupe de travail,,1,1,2,,,,,,,,,,
Environnement,Géologie,Mer,1788,1,oui,oui,25/04/2026,,,Groupe de travail,,1,1,2,,,,,,,,,,
Environnement,Géologie,Océan,1789,1,oui,oui,25/04/2026,,,Groupe de travail,,1,1,2,,,,,,,,,,
Environnement,Géologie,Manteau,1790,1,oui,oui,25/04/2026,,,Groupe de travail,,1,1,2,,,,,,,,,,
Environnement,Ecologie,Fourmi,1791,1,oui,oui,25/04/2026,,,Groupe de travail,,1,1,2,,,,,,,,,,
Environnement,Ecologie,Cafard,1792,1,oui,oui,25/04/2026,,,Groupe de travail,,1,1,2,,,,,,,,,,
Environnement,Ecologie,Blatte,1793,1,oui,oui,25/04/2026,,,Groupe de travail,,1,1,2,,,,,,,,,,
Environnement,Ecologie,Phasme,1794,1,oui,oui,25/04/2026,,,Groupe de travail,,1,1,2,,,,,,,,,,
Environnement,Ecologie,Taon,1795,1,oui,oui,25/04/2026,,,Groupe de travail,,1,1,2,,,,,,,,,,
Environnement,Ecologie,Drosophile,1796,1,oui,oui,25/04/2026,,,Groupe de travail,,1,1,2,,,,,,,,,,
Environnement,Ecologie,Mouche du vinaigre,1797,1,oui,oui,25/04/2026,,,Groupe de travail,,1,1,2,,,,,,,,,,
Environnement,Ecologie,Mouche tsé tsé,1798,1,oui,oui,25/04/2026,,,Groupe de travail,,1,1,2,,,,,,,,,,
Physique,Thermodynamique,Convection,1799,1,oui,oui,25/04/2026,,,Groupe de travail,,1,1,2,,,,,,,,,,
Physique,Thermodynamique,Conduction,1800,1,oui,oui,25/04/2026,,,Groupe de travail,,1,1,2,,,,,,,,,,
Environnement,Géologie,Noyau terrestre,1801,2,oui,oui,25/04/2026,,,Groupe de travail,,1,1,2,,,,,,,,,,
Environnement,Géologie,Noyau interne,1802,1,oui,oui,25/04/2026,,,Groupe de travail,,1,1,2,,,,,,,,,,
Environnement,Géologie,Noyau externe,1803,1,oui,oui,25/04/2026,,,Groupe de travail,,1,1,2,,,,,,,,,,
Environnement,Géologie,Lithosphère,1804,1,oui,oui,25/04/2026,,,Groupe de travail,,1,1,2,,,,,,,,,,
Environnement,Géologie,Athenosphère,1805,1,oui,oui,25/04/2026,,,Groupe de travail,,1,1,2,,,,,,,,,,
Environnement,Géologie,Manteau supérieur,1806,1,oui,oui,25/04/2026,,,Groupe de travail,,1,1,2,,,,,,,,,,
Environnement,Géologie,Manteau inférieur,1807,1,oui,oui,25/04/2026,,,Groupe de travail,,1,1,2,,,,,,,,,,
Environnement,Géologie,Convection mantellique,1808,1,oui,oui,25/04/2026,,,Groupe de travail,,1,1,2,,,,,,,,,,
Environnement,Géologie,Point chaud,1809,1,oui,oui,25/04/2026,,,Groupe de travail,,1,1,2,,,,,,,,,,
Environnement,Géologie,Tectoniques des plaques,1810,1,oui,oui,25/04/2026,,,Groupe de travail,,1,1,2,,,,,,,,,,
Environnement,Géologie,Plaque tectonique,1811,1,oui,oui,25/04/2026,,,Groupe de travail,,1,1,2,,,,,,,,,,
Environnement,Géologie,Pangée,1812,1,oui,oui,25/04/2026,,,Groupe de travail,,1,1,2,,,,,,,,,,
Environnement,Géologie,Panthalassa,1813,1,oui,oui,25/04/2026,,,Groupe de travail,,1,1,2,,,,,,,,,,
Environnement,Géologie,Océan Pacifique,1814,1,oui,oui,25/04/2026,,,Groupe de travail,,1,1,2,,,,,,,,,,
Environnement,Géologie,Océan Atlantique,1815,1,oui,oui,25/04/2026,,,Groupe de travail,,1,1,2,,,,,,,,,,
Environnement,Géologie,Océan Indien,1816,1,oui,oui,25/04/2026,,,Groupe de travail,,1,1,2,,,,,,,,,,
Environnement,Géologie,Océan Arctique,1817,1,oui,oui,25/04/2026,,,Groupe de travail,,1,1,2,,,,,,,,,,
Environnement,Géologie,Océan Antarctique,1818,1,oui,oui,25/04/2026,,,Groupe de travail,,1,1,2,,,,,,,,,,
Environnement,Géologie,Fossé,1819,1,oui,oui,25/04/2026,,,Groupe de travail,,1,1,2,,,,,,,,,,
Environnement,Géologie,Fossé des Mariannes,1820,1,oui,oui,25/04/2026,,,Groupe de travail,,1,1,2,,,,,,,,,,
Environnement,Géologie,Dorsale,1821,1,oui,oui,25/04/2026,,,Groupe de travail,,1,1,2,,,,,,,,,,
Environnement,Géologie,Dérive des continents,1822,1,oui,oui,25/04/2026,,,Groupe de travail,,1,1,2,,,,,,,,,,
Environnement,Géologie,Rift,1823,1,oui,oui,25/04/2026,,,Groupe de travail,,1,1,2,,,,,,,,,,
Environnement,Géologie,Subdonction,1824,1,oui,oui,25/04/2026,,,Groupe de travail,,1,1,2,,,,,,,,,,
Environnement,Géologie,Collision,1825,1,oui,oui,25/04/2026,,,Groupe de travail,,1,1,2,,,,,,,,,,
Environnement,Géologie,Obduction,1826,1,oui,oui,25/04/2026,,,Groupe de travail,,1,1,2,,,,,,,,,,
Physique,Générale,Magnitude,1827,1,oui,oui,25/04/2026,,,Groupe de travail,,1,1,2,,,,,,,,,,
Environnement,Géologie,Intensité,1828,1,oui,oui,25/04/2026,,,Groupe de travail,,1,1,2,,,,,,,,,,
Environnement,Géologie,Epicentre,1829,1,oui,oui,25/04/2026,,,Groupe de travail,,1,1,2,,,,,,,,,,
Environnement,Géologie,Foyer,1830,1,oui,oui,25/04/2026,,,Groupe de travail,,1,1,2,,,,,,,,,,
Environnement,Géologie,Ondes sismiques,1831,1,oui,oui,25/04/2026,,,Groupe de travail,,1,1,2,,,,,,,,,,
Environnement,Géologie,Ondes P,1832,1,oui,oui,25/04/2026,,,Groupe de travail,,1,1,2,,,,,,,,,,
Environnement,Géologie,Ondes S,1833,1,oui,oui,25/04/2026,,,Groupe de travail,,1,1,2,,,,,,,,,,
Environnement,Géologie,Ondes L,1834,1,oui,oui,25/04/2026,,,Groupe de travail,,1,1,2,,,,,,,,,,
Environnement,Géologie,Raz de marée,1835,1,oui,oui,25/04/2026,,,Groupe de travail,,1,1,2,,,,,,,,,,
Environnement,Géologie,Tsunami,1836,1,oui,oui,25/04/2026,,,Groupe de travail,,1,1,2,,,,,,,,,,
Environnement,Géologie,Tsunami,1837,2,oui,oui,25/04/2026,,,Groupe de travail,,1,1,2,,,,,,,,,,
Environnement,Géologie,Tsunami,1838,3,oui,oui,25/04/2026,,,Groupe de travail,,1,1,2,,,,,,,,,,
Environnement,Géologie,Faille,1839,1,oui,oui,25/04/2026,,,Groupe de travail,,1,1,2,,,,,,,,,,
Environnement,Géologie,Faille inverse,1840,1,oui,oui,25/04/2026,,,Groupe de travail,,1,1,2,,,,,,,,,,
Environnement,Géologie,Faille normale,1841,1,oui,oui,25/04/2026,,,Groupe de travail,,1,1,2,,,,,,,,,,
Environnement,Géologie,Faille transformante,1842,1,oui,oui,25/04/2026,,,Groupe de travail,,1,1,2,,,,,,,,,,
Environnement,Géologie,Fissure,1843,1,oui,oui,25/04/2026,,,Groupe de travail,,1,1,2,,,,,,,,,,
Environnement,Géologie,Sismogramme,1844,1,oui,oui,25/04/2026,,,Groupe de travail,,1,1,2,,,,,,,,,,
Environnement,Géologie,Sismomètre,1845,1,oui,oui,25/04/2026,,,Groupe de travail,,1,1,2,,,,,,,,,,
Environnement,Géologie,Station enregistrement ondes sismiques,1846,1,oui,oui,25/04/2026,,,Groupe de travail,,1,1,2,,,,,,,,,,
,,,1847,,,,,,,,,,,,,,,,,,,,,
,,,1848,,,,,,,,,,,,,,,,,,,,,
,,,1849,,,,,,,,,,,,,,,,,,,,,
,,,1850,,,,,,,,,,,,,,,,,,,,,
,,,1851,,,,,,,,,,,,,,,,,,,,,
,,,1852,,,,,,,,,,,,,,,,,,,,,
,,,1853,,,,,,,,,,,,,,,,,,,,,
,,,1854,,,,,,,,,,,,,,,,,,,,,
,,,1855,,,,,,,,,,,,,,,,,,,,,
,,,1856,,,,,,,,,,,,,,,,,,,,,
,,,1857,,,,,,,,,,,,,,,,,,,,,
,,,1858,,,,,,,,,,,,,,,,,,,,,
,,,1859,,,,,,,,,,,,,,,,,,,,,
,,,1860,,,,,,,,,,,,,,,,,,,,,
,,,1861,,,,,,,,,,,,,,,,,,,,,
,,,1862,,,,,,,,,,,,,,,,,,,,,
,,,1863,,,,,,,,,,,,,,,,,,,,,
,,,1864,,,,,,,,,,,,,,,,,,,,,
,,,1865,,,,,,,,,,,,,,,,,,,,,
,,,1866,,,,,,,,,,,,,,,,,,,,,
,,,1867,,,,,,,,,,,,,,,,,,,,,
,,,1868,,,,,,,,,,,,,,,,,,,,,
,,,1869,,,,,,,,,,,,,,,,,,,,,
,,,1870,,,,,,,,,,,,,,,,,,,,,
,,,1871,,,,,,,,,,,,,,,,,,,,,
,,,1872,,,,,,,,,,,,,,,,,,,,,
,,,1873,,,,,,,,,,,,,,,,,,,,,
,,,1874,,,,,,,,,,,,,,,,,,,,,
,,,1875,,,,,,,,,,,,,,,,,,,,,
,,,1876,,,,,,,,,,,,,,,,,,,,,
,,,1877,,,,,,,,,,,,,,,,,,,,,
,,,1878,,,,,,,,,,,,,,,,,,,,,
,,,1879,,,,,,,,,,,,,,,,,,,,,
,,,1880,,,,,,,,,,,,,,,,,,,,,
,,,1881,,,,,,,,,,,,,,,,,,,,,
,,,1882,,,,,,,,,,,,,,,,,,,,,
,,,1883,,,,,,,,,,,,,,,,,,,,,
,,,1884,,,,,,,,,,,,,,,,,,,,,
,,,1885,,,,,,,,,,,,,,,,,,,,,
,,,1886,,,,,,,,,,,,,,,,,,,,,
,,,1887,,,,,,,,,,,,,,,,,,,,,
,,,1888,,,,,,,,,,,,,,,,,,,,,
,,,1889,,,,,,,,,,,,,,,,,,,,,
,,,1890,,,,,,,,,,,,,,,,,,,,,
,,,1891,,,,,,,,,,,,,,,,,,,,,
,,,1892,,,,,,,,,,,,,,,,,,,,,
,,,1893,,,,,,,,,,,,,,,,,,,,,
,,,1894,,,,,,,,,,,,,,,,,,,,,
,,,1895,,,,,,,,,,,,,,,,,,,,,
,,,1896,,,,,,,,,,,,,,,,,,,,,
,,,1897,,,,,,,,,,,,,,,,,,,,,
,,,1898,,,,,,,,,,,,,,,,,,,,,
,,,1899,,,,,,,,,,,,,,,,,,,,,
,,,1900,,,,,,,,,,,,,,,,,,,,,
,,,1901,,,,,,,,,,,,,,,,,,,,,
,,,1902,,,,,,,,,,,,,,,,,,,,,
,,,1903,,,,,,,,,,,,,,,,,,,,,
,,,1904,,,,,,,,,,,,,,,,,,,,,
,,,1905,,,,,,,,,,,,,,,,,,,,,
,,,1906,,,,,,,,,,,,,,,,,,,,,
,,,1907,,,,,,,,,,,,,,,,,,,,,
,,,1908,,,,,,,,,,,,,,,,,,,,,
,,,1909,,,,,,,,,,,,,,,,,,,,,
,,,1910,,,,,,,,,,,,,,,,,,,,,
,,,1911,,,,,,,,,,,,,,,,,,,,,
,,,1912,,,,,,,,,,,,,,,,,,,,,
,,,1913,,,,,,,,,,,,,,,,,,,,,
,,,1914,,,,,,,,,,,,,,,,,,,,,
,,,1915,,,,,,,,,,,,,,,,,,,,,
,,,1916,,,,,,,,,,,,,,,,,,,,,
,,,1917,,,,,,,,,,,,,,,,,,,,,
,,,1918,,,,,,,,,,,,,,,,,,,,,
,,,1919,,,,,,,,,,,,,,,,,,,,,
,,,1920,,,,,,,,,,,,,,,,,,,,,
,,,1921,,,,,,,,,,,,,,,,,,,,,
,,,1922,,,,,,,,,,,,,,,,,,,,,
,,,1923,,,,,,,,,,,,,,,,,,,,,
,,,1924,,,,,,,,,,,,,,,,,,,,,
,,,1925,,,,,,,,,,,,,,,,,,,,,
,,,1926,,,,,,,,,,,,,,,,,,,,,
,,,1927,,,,,,,,,,,,,,,,,,,,,
,,,1928,,,,,,,,,,,,,,,,,,,,,
,,,1929,,,,,,,,,,,,,,,,,,,,,
,,,1930,,,,,,,,,,,,,,,,,,,,,
,,,1931,,,,,,,,,,,,,,,,,,,,,
,,,1932,,,,,,,,,,,,,,,,,,,,,
,,,1933,,,,,,,,,,,,,,,,,,,,,
,,,1934,,,,,,,,,,,,,,,,,,,,,
,,,1935,,,,,,,,,,,,,,,,,,,,,
,,,1936,,,,,,,,,,,,,,,,,,,,,
,,,1937,,,,,,,,,,,,,,,,,,,,,
,,,1938,,,,,,,,,,,,,,,,,,,,,
,,,1939,,,,,,,,,,,,,,,,,,,,,
,,,1940,,,,,,,,,,,,,,,,,,,,,
,,,1941,,,,,,,,,,,,,,,,,,,,,
,,,1942,,,,,,,,,,,,,,,,,,,,,
,,,1943,,,,,,,,,,,,,,,,,,,,,
,,,1944,,,,,,,,,,,,,,,,,,,,,
,,,1945,,,,,,,,,,,,,,,,,,,,,
,,,1946,,,,,,,,,,,,,,,,,,,,,
,,,1947,,,,,,,,,,,,,,,,,,,,,
,,,1948,,,,,,,,,,,,,,,,,,,,,
,,,1949,,,,,,,,,,,,,,,,,,,,,
,,,1950,,,,,,,,,,,,,,,,,,,,,
,,,1951,,,,,,,,,,,,,,,,,,,,,
,,,1952,,,,,,,,,,,,,,,,,,,,,
,,,1953,,,,,,,,,,,,,,,,,,,,,
,,,1954,,,,,,,,,,,,,,,,,,,,,
,,,1955,,,,,,,,,,,,,,,,,,,,,
,,,1956,,,,,,,,,,,,,,,,,,,,,
,,,1957,,,,,,,,,,,,,,,,,,,,,
,,,1958,,,,,,,,,,,,,,,,,,,,,
,,,1959,,,,,,,,,,,,,,,,,,,,,
,,,1960,,,,,,,,,,,,,,,,,,,,,
,,,1961,,,,,,,,,,,,,,,,,,,,,
,,,1962,,,,,,,,,,,,,,,,,,,,,
,,,1963,,,,,,,,,,,,,,,,,,,,,
,,,1964,,,,,,,,,,,,,,,,,,,,,
,,,1965,,,,,,,,,,,,,,,,,,,,,
,,,1966,,,,,,,,,,,,,,,,,,,,,
,,,1967,,,,,,,,,,,,,,,,,,,,,
,,,1968,,,,,,,,,,,,,,,,,,,,,
,,,1969,,,,,,,,,,,,,,,,,,,,,
,,,1970,,,,,,,,,,,,,,,,,,,,,
,,,1971,,,,,,,,,,,,,,,,,,,,,
,,,1972,,,,,,,,,,,,,,,,,,,,,
,,,1973,,,,,,,,,,,,,,,,,,,,,
,,,1974,,,,,,,,,,,,,,,,,,,,,
,,,1975,,,,,,,,,,,,,,,,,,,,,
,,,1976,,,,,,,,,,,,,,,,,,,,,
,,,1977,,,,,,,,,,,,,,,,,,,,,
,,,1978,,,,,,,,,,,,,,,,,,,,,
,,,1979,,,,,,,,,,,,,,,,,,,,,
,,,1980,,,,,,,,,,,,,,,,,,,,,
,,,1981,,,,,,,,,,,,,,,,,,,,,
,,,1982,,,,,,,,,,,,,,,,,,,,,
,,,1983,,,,,,,,,,,,,,,,,,,,,
,,,1984,,,,,,,,,,,,,,,,,,,,,
,,,1985,,,,,,,,,,,,,,,,,,,,,
,,,1986,,,,,,,,,,,,,,,,,,,,,
,,,1987,,,,,,,,,,,,,,,,,,,,,
,,,1988,,,,,,,,,,,,,,,,,,,,,
,,,1989,,,,,,,,,,,,,,,,,,,,,
,,,1990,,,,,,,,,,,,,,,,,,,,,
,,,1991,,,,,,,,,,,,,,,,,,,,,
,,,1992,,,,,,,,,,,,,,,,,,,,,
,,,1993,,,,,,,,,,,,,,,,,,,,,
,,,1994,,,,,,,,,,,,,,,,,,,,,
,,,1995,,,,,,,,,,,,,,,,,,,,,
,,,1996,,,,,,,,,,,,,,,,,,,,,
,,,1997,,,,,,,,,,,,,,,,,,,,,
,,,1998,,,,,,,,,,,,,,,,,,,,,
,,,1999,,,,,,,,,,,,,,,,,,,,,
,,,2000,,,,,,,,,,,,,,,,,,,,,
